controlled_company_number,controller_company_number,controller_name,notified_on,ceased_on,ceased,nature_of_control,legal_form,legal_authority,country_registered,place_registered,psc_kind,source_url,etag,depth_from_root
08649413,08686441,Inspiredspaces Wolverhampton (Holdings2) Limited,2016-04-06,,false,ownership-of-shares-75-to-100-percent,Private Company Limited By Shares,Companies Act 2006,United Kingdom,England,corporate-entity-person-with-significant-control,https://api.company-information.service.gov.uk/company/08649413/persons-with-significant-control/corporate-entity/pC1kS7AQOaitKp6cyJYag4yXZak,565385aa03e630b55f168affd90d19f50f33b17f,5
08649413,08686441,Inspiredspaces Wolverhampton (Holdings2) Limited,2016-04-06,,false,right-to-appoint-and-remove-directors,Private Company Limited By Shares,Companies Act 2006,United Kingdom,England,corporate-entity-person-with-significant-control,https://api.company-information.service.gov.uk/company/08649413/persons-with-significant-control/corporate-entity/pC1kS7AQOaitKp6cyJYag4yXZak,565385aa03e630b55f168affd90d19f50f33b17f,5
08649413,08686441,Inspiredspaces Wolverhampton (Holdings2) Limited,2016-04-06,,false,voting-rights-75-to-100-percent,Private Company Limited By Shares,Companies Act 2006,United Kingdom,England,corporate-entity-person-with-significant-control,https://api.company-information.service.gov.uk/company/08649413/persons-with-significant-control/corporate-entity/pC1kS7AQOaitKp6cyJYag4yXZak,565385aa03e630b55f168affd90d19f50f33b17f,5
00531085,00566465,Dudley Bower Group Plc,2016-04-06,,false,ownership-of-shares-75-to-100-percent,Public Limited Company,Companies Act 2006,England & Wales,Companies House,corporate-entity-person-with-significant-control,https://api.company-information.service.gov.uk/company/00531085/persons-with-significant-control/corporate-entity/jox1SzE8IKT0thkYshgJNQSjZPk,8eebe8b00beda5a401c0365b6fe138198838796d,3
00531085,00566465,Dudley Bower Group Plc,2016-04-06,,false,right-to-appoint-and-remove-directors,Public Limited Company,Companies Act 2006,England & Wales,Companies House,corporate-entity-person-with-significant-control,https://api.company-information.service.gov.uk/company/00531085/persons-with-significant-control/corporate-entity/jox1SzE8IKT0thkYshgJNQSjZPk,8eebe8b00beda5a401c0365b6fe138198838796d,3
00531085,00566465,Dudley Bower Group Plc,2016-04-06,,false,voting-rights-75-to-100-percent,Public Limited Company,Companies Act 2006,England & Wales,Companies House,corporate-entity-person-with-significant-control,https://api.company-information.service.gov.uk/company/00531085/persons-with-significant-control/corporate-entity/jox1SzE8IKT0thkYshgJNQSjZPk,8eebe8b00beda5a401c0365b6fe138198838796d,3
06844166,06844186,Inspiredspaces Durham (Psp1) Limited,2016-04-06,,false,ownership-of-shares-75-to-100-percent,Private Limited Company,Companies Act 2006,England & Wales,Companies House,corporate-entity-person-with-significant-control,https://api.company-information.service.gov.uk/company/06844166/persons-with-significant-control/corporate-entity/_Donqr0mM-E81eB8ufKb2ibX-Ec,7c5743c135b3baf744e7c8f78377b3dcec8a819f,4
06844166,06844186,Inspiredspaces Durham (Psp1) Limited,2016-04-06,,false,right-to-appoint-and-remove-directors,Private Limited Company,Companies Act 2006,England & Wales,Companies House,corporate-entity-person-with-significant-control,https://api.company-information.service.gov.uk/company/06844166/persons-with-significant-control/corporate-entity/_Donqr0mM-E81eB8ufKb2ibX-Ec,7c5743c135b3baf744e7c8f78377b3dcec8a819f,4
06844166,06844186,Inspiredspaces Durham (Psp1) Limited,2016-04-06,,false,voting-rights-75-to-100-percent,Private Limited Company,Companies Act 2006,England & Wales,Companies House,corporate-entity-person-with-significant-control,https://api.company-information.service.gov.uk/company/06844166/persons-with-significant-control/corporate-entity/_Donqr0mM-E81eB8ufKb2ibX-Ec,7c5743c135b3baf744e7c8f78377b3dcec8a819f,4
00566465,00077628,Carillion Jm Limited,2016-04-06,,false,ownership-of-shares-75-to-100-percent,Private Limited Company,Companies Act 2006,England & Wales,Companies House,corporate-entity-person-with-significant-control,https://api.company-information.service.gov.uk/company/00566465/persons-with-significant-control/corporate-entity/ANbyeL5tDWOlKOt4T2BOLIzOFH4,7b222115096d937eaaecf70c415e96496ddb5e9c,2
00566465,00077628,Carillion Jm Limited,2016-04-06,,false,right-to-appoint-and-remove-directors,Private Limited Company,Companies Act 2006,England & Wales,Companies House,corporate-entity-person-with-significant-control,https://api.company-information.service.gov.uk/company/00566465/persons-with-significant-control/corporate-entity/ANbyeL5tDWOlKOt4T2BOLIzOFH4,7b222115096d937eaaecf70c415e96496ddb5e9c,2
00566465,00077628,Carillion Jm Limited,2016-04-06,,false,voting-rights-75-to-100-percent,Private Limited Company,Companies Act 2006,England & Wales,Companies House,corporate-entity-person-with-significant-control,https://api.company-information.service.gov.uk/company/00566465/persons-with-significant-control/corporate-entity/ANbyeL5tDWOlKOt4T2BOLIzOFH4,7b222115096d937eaaecf70c415e96496ddb5e9c,2
OC402031,09799665,Mgh Partner Company Limited,2016-04-06,,false,significant-influence-or-control-limited-liability-partnership,Private Limited Company,Companies Act 2006,England & Wales,Companies House,corporate-entity-person-with-significant-control,https://api.company-information.service.gov.uk/company/OC402031/persons-with-significant-control/corporate-entity/fKOidcZh6fspOiZqqQGnWrLEIXE,62258c737c37bb6377db08a4942636a5deac3983,4
OC402031,OC402027,The Arlington Richardson Development Partnership Llp,2016-04-06,,false,significant-influence-or-control-limited-liability-partnership,Limited Liability Partnership,Limited Liability Partnerships Act 2000,England & Wales,Companies House,corporate-entity-person-with-significant-control,https://api.company-information.service.gov.uk/company/OC402031/persons-with-significant-control/corporate-entity/3B5rCnhjNZMnFq-100Vy2ao6QsQ,24e0265bacffc27bc7d2ed3106db60b1aca132eb,4
OC412000,08084031,Ask Real Estate Limited,2016-05-25,,false,voting-rights-25-to-50-percent-limited-liability-partnership,Limited Company,Companies Act,England,Companies House,corporate-entity-person-with-significant-control,https://api.company-information.service.gov.uk/company/OC412000/persons-with-significant-control/corporate-entity/f-ecH0-9qMSqOgNLj3EBChClpCg,fe1991a9f4698fa9759c56542478800f870a5978,3
09693421,00594581,Carillion Construction Limited,2016-04-06,,false,ownership-of-shares-75-to-100-percent,Private Limited Company,Companies Act 2006,England,Companies House,corporate-entity-person-with-significant-control,https://api.company-information.service.gov.uk/company/09693421/persons-with-significant-control/corporate-entity/JNEEPFsACvTuyTZyrliaHcHxJ7E,d5803aa1e66e3d5792d117fb2001d3e709df1276,2
09693421,00594581,Carillion Construction Limited,2016-04-06,,false,right-to-appoint-and-remove-directors,Private Limited Company,Companies Act 2006,England,Companies House,corporate-entity-person-with-significant-control,https://api.company-information.service.gov.uk/company/09693421/persons-with-significant-control/corporate-entity/JNEEPFsACvTuyTZyrliaHcHxJ7E,d5803aa1e66e3d5792d117fb2001d3e709df1276,2
09693421,00594581,Carillion Construction Limited,2016-04-06,,false,voting-rights-75-to-100-percent,Private Limited Company,Companies Act 2006,England,Companies House,corporate-entity-person-with-significant-control,https://api.company-information.service.gov.uk/company/09693421/persons-with-significant-control/corporate-entity/JNEEPFsACvTuyTZyrliaHcHxJ7E,d5803aa1e66e3d5792d117fb2001d3e709df1276,2
05543634,01685693,Carillion Am Developments Limited,2018-02-22,2018-03-07,true,ownership-of-shares-75-to-100-percent,Limited By Shares,United Kingdom (England),England,Companies House,corporate-entity-person-with-significant-control,https://api.company-information.service.gov.uk/company/05543634/persons-with-significant-control/corporate-entity/qvMkVcflJVcdKNZtsOf1EpcSVlA,09afcc97bde63f53db5e10d2ef71d5fdf3fbf5af,3
05543634,01685693,Carillion Am Developments Limited,2018-02-22,2018-03-07,true,voting-rights-75-to-100-percent,Limited By Shares,United Kingdom (England),England,Companies House,corporate-entity-person-with-significant-control,https://api.company-information.service.gov.uk/company/05543634/persons-with-significant-control/corporate-entity/qvMkVcflJVcdKNZtsOf1EpcSVlA,09afcc97bde63f53db5e10d2ef71d5fdf3fbf5af,3
07017401,08113991,Amber Lep Investments Limited,2016-04-06,,false,ownership-of-shares-75-to-100-percent,Private Limited Company,Companies Act 2006,England,Companies House,corporate-entity-person-with-significant-control,https://api.company-information.service.gov.uk/company/07017401/persons-with-significant-control/corporate-entity/yhI09EJ9J6OA-v86Z7RkZFSzuNo,be93c184dd924d4ee8e89031b2230856ca153bc1,3
07017401,08113991,Amber Lep Investments Limited,2016-04-06,,false,voting-rights-75-to-100-percent,Private Limited Company,Companies Act 2006,England,Companies House,corporate-entity-person-with-significant-control,https://api.company-information.service.gov.uk/company/07017401/persons-with-significant-control/corporate-entity/yhI09EJ9J6OA-v86Z7RkZFSzuNo,be93c184dd924d4ee8e89031b2230856ca153bc1,3
01123611,01808326,Am Nominees Limited,2016-04-06,,false,ownership-of-shares-75-to-100-percent,Private Limited Company,Companies Act 2006,England,Companies House,corporate-entity-person-with-significant-control,https://api.company-information.service.gov.uk/company/01123611/persons-with-significant-control/corporate-entity/6hxpubBwyzBHgFU_4qJYD3eOAK8,079a082a3f2164eefc842c657d09c1090f3937e6,3
01123611,01808326,Am Nominees Limited,2016-04-06,,false,right-to-appoint-and-remove-directors,Private Limited Company,Companies Act 2006,England,Companies House,corporate-entity-person-with-significant-control,https://api.company-information.service.gov.uk/company/01123611/persons-with-significant-control/corporate-entity/6hxpubBwyzBHgFU_4qJYD3eOAK8,079a082a3f2164eefc842c657d09c1090f3937e6,3
01123611,01808326,Am Nominees Limited,2016-04-06,,false,voting-rights-75-to-100-percent,Private Limited Company,Companies Act 2006,England,Companies House,corporate-entity-person-with-significant-control,https://api.company-information.service.gov.uk/company/01123611/persons-with-significant-control/corporate-entity/6hxpubBwyzBHgFU_4qJYD3eOAK8,079a082a3f2164eefc842c657d09c1090f3937e6,3
02519780,00594581,Carillion Construction Limited,2016-04-06,,false,ownership-of-shares-25-to-50-percent,Private Limited Company,Companies Act 2006,England,Companies House,corporate-entity-person-with-significant-control,https://api.company-information.service.gov.uk/company/02519780/persons-with-significant-control/corporate-entity/5ktXLhoYXF9dGcjOBDhzpzRyw7w,e3217bc9605641724d37ea37bd83bf05e9888266,2
02519780,00594581,Carillion Construction Limited,2016-04-06,,false,voting-rights-25-to-50-percent,Private Limited Company,Companies Act 2006,England,Companies House,corporate-entity-person-with-significant-control,https://api.company-information.service.gov.uk/company/02519780/persons-with-significant-control/corporate-entity/5ktXLhoYXF9dGcjOBDhzpzRyw7w,e3217bc9605641724d37ea37bd83bf05e9888266,2
08121731,08113991,Amber Lep Investments Limited,2016-04-06,,false,ownership-of-shares-75-to-100-percent,Private Limited Company,Companies Act 2006,England,Companies House,corporate-entity-person-with-significant-control,https://api.company-information.service.gov.uk/company/08121731/persons-with-significant-control/corporate-entity/K8tmQEM7upOiYAUdcGB3uMInEto,f2914a7d63a1e994c557d5e908dd5fb1d0bc4b6e,3
08121731,08113991,Amber Lep Investments Limited,2016-04-06,,false,voting-rights-75-to-100-percent,Private Limited Company,Companies Act 2006,England,Companies House,corporate-entity-person-with-significant-control,https://api.company-information.service.gov.uk/company/08121731/persons-with-significant-control/corporate-entity/K8tmQEM7upOiYAUdcGB3uMInEto,f2914a7d63a1e994c557d5e908dd5fb1d0bc4b6e,3
08113991,02997859,Carillion Private Finance Limited,2016-04-06,2018-09-03,true,ownership-of-shares-75-to-100-percent,Private Limited Company,Companies Act 2006,England,Companies House,corporate-entity-person-with-significant-control,https://api.company-information.service.gov.uk/company/08113991/persons-with-significant-control/corporate-entity/uc4KsgdsENBQ597qJfCsBCVmAuM,8074222b8a5998e453d5a92a8222649f199563c6,2
08113991,02997859,Carillion Private Finance Limited,2016-04-06,2018-09-03,true,voting-rights-75-to-100-percent,Private Limited Company,Companies Act 2006,England,Companies House,corporate-entity-person-with-significant-control,https://api.company-information.service.gov.uk/company/08113991/persons-with-significant-control/corporate-entity/uc4KsgdsENBQ597qJfCsBCVmAuM,8074222b8a5998e453d5a92a8222649f199563c6,2
02630590,03782379,Carillion Plc,2016-04-06,,false,ownership-of-shares-75-to-100-percent,Public Limited Company,Companies Act 2006,England,Companies House,corporate-entity-person-with-significant-control,https://api.company-information.service.gov.uk/company/02630590/persons-with-significant-control/corporate-entity/B9Sv34yAahMF2l-6SvfVF-20MhI,2be153615b960f06e79d651b20e4d70677c69ced,1
02630590,03782379,Carillion Plc,2016-04-06,,false,right-to-appoint-and-remove-directors,Public Limited Company,Companies Act 2006,England,Companies House,corporate-entity-person-with-significant-control,https://api.company-information.service.gov.uk/company/02630590/persons-with-significant-control/corporate-entity/B9Sv34yAahMF2l-6SvfVF-20MhI,2be153615b960f06e79d651b20e4d70677c69ced,1
02630590,03782379,Carillion Plc,2016-04-06,,false,voting-rights-75-to-100-percent,Public Limited Company,Companies Act 2006,England,Companies House,corporate-entity-person-with-significant-control,https://api.company-information.service.gov.uk/company/02630590/persons-with-significant-control/corporate-entity/B9Sv34yAahMF2l-6SvfVF-20MhI,2be153615b960f06e79d651b20e4d70677c69ced,1
08987222,08084031,Ask Real Estate Limited,2016-04-06,,false,ownership-of-shares-75-to-100-percent,Private Limited Company,Companies Act 2006,England,Companies House,corporate-entity-person-with-significant-control,https://api.company-information.service.gov.uk/company/08987222/persons-with-significant-control/corporate-entity/AHxWFNd69y55PkL0dvOt9Q4gjm4,81b0f3a3ce1db1d46c5584a2994f24a1f101146c,3
08987222,08084031,Ask Real Estate Limited,2016-04-06,,false,voting-rights-75-to-100-percent,Private Limited Company,Companies Act 2006,England,Companies House,corporate-entity-person-with-significant-control,https://api.company-information.service.gov.uk/company/08987222/persons-with-significant-control/corporate-entity/AHxWFNd69y55PkL0dvOt9Q4gjm4,81b0f3a3ce1db1d46c5584a2994f24a1f101146c,3
05052745,03485972,Wyseproperty,2016-04-06,,false,ownership-of-shares-75-to-100-percent,Private Unlimited Company,Companies Act 2006,England & Wales,Companies House,corporate-entity-person-with-significant-control,https://api.company-information.service.gov.uk/company/05052745/persons-with-significant-control/corporate-entity/OYNML5yEXoClunfDF0W6LxY4jo8,7c90357123dd32a48281375897742411dbaed7d4,4
05052745,03485972,Wyseproperty,2016-04-06,,false,voting-rights-75-to-100-percent,Private Unlimited Company,Companies Act 2006,England & Wales,Companies House,corporate-entity-person-with-significant-control,https://api.company-information.service.gov.uk/company/05052745/persons-with-significant-control/corporate-entity/OYNML5yEXoClunfDF0W6LxY4jo8,7c90357123dd32a48281375897742411dbaed7d4,4
07966837,03783019,Carillion Holdings Limited,2016-04-06,2018-02-06,true,ownership-of-shares-25-to-50-percent,Private Limited Company,Companies Act 2006,England & Wales,Companies House,corporate-entity-person-with-significant-control,https://api.company-information.service.gov.uk/company/07966837/persons-with-significant-control/corporate-entity/y6nsjube1IclGoiKcn5K1BoZa70,62da75a2819878deb3f52e510d90bc55c749203f,2
07966837,03783019,Carillion Holdings Limited,2016-04-06,2018-02-06,true,voting-rights-25-to-50-percent,Private Limited Company,Companies Act 2006,England & Wales,Companies House,corporate-entity-person-with-significant-control,https://api.company-information.service.gov.uk/company/07966837/persons-with-significant-control/corporate-entity/y6nsjube1IclGoiKcn5K1BoZa70,62da75a2819878deb3f52e510d90bc55c749203f,2
SC102827,03858865,Carillion Energy Services Limited,2016-04-06,,false,ownership-of-shares-75-to-100-percent,Limited Company,English,England,Companies House,corporate-entity-person-with-significant-control,https://api.company-information.service.gov.uk/company/SC102827/persons-with-significant-control/corporate-entity/Raor1QpQA4xHt0M0zwSfASOTxgM,0167fc4646e0ed2f190bbf14b6d8809af8e96f5a,2
SC102827,03858865,Carillion Energy Services Limited,2016-04-06,,false,right-to-appoint-and-remove-directors,Limited Company,English,England,Companies House,corporate-entity-person-with-significant-control,https://api.company-information.service.gov.uk/company/SC102827/persons-with-significant-control/corporate-entity/Raor1QpQA4xHt0M0zwSfASOTxgM,0167fc4646e0ed2f190bbf14b6d8809af8e96f5a,2
SC102827,03858865,Carillion Energy Services Limited,2016-04-06,,false,voting-rights-75-to-100-percent,Limited Company,English,England,Companies House,corporate-entity-person-with-significant-control,https://api.company-information.service.gov.uk/company/SC102827/persons-with-significant-control/corporate-entity/Raor1QpQA4xHt0M0zwSfASOTxgM,0167fc4646e0ed2f190bbf14b6d8809af8e96f5a,2
OC437891,07211684,Pfp-Igloo (General Partner) Limited,2021-06-14,,false,right-to-share-surplus-assets-25-to-50-percent-limited-liability-partnership,Corporate,Companies Act 2006,England,Companies House,corporate-entity-person-with-significant-control,https://api.company-information.service.gov.uk/company/OC437891/persons-with-significant-control/corporate-entity/Kwy17jh1kqTQZvBT-vQMkdYiVDE,67eac6cfb9482a50a54b34db6a9f09a7c32b08fc,3
OC437891,07211684,Pfp-Igloo (General Partner) Limited,2021-06-14,,false,voting-rights-25-to-50-percent-limited-liability-partnership,Corporate,Companies Act 2006,England,Companies House,corporate-entity-person-with-significant-control,https://api.company-information.service.gov.uk/company/OC437891/persons-with-significant-control/corporate-entity/Kwy17jh1kqTQZvBT-vQMkdYiVDE,67eac6cfb9482a50a54b34db6a9f09a7c32b08fc,3
OC437891,OC432564,Stephenson Works Llp,2021-06-14,,false,right-to-share-surplus-assets-25-to-50-percent-limited-liability-partnership,Corporate,Limited Liability Partnerships Act 2000,England And Wales,Companies House,corporate-entity-person-with-significant-control,https://api.company-information.service.gov.uk/company/OC437891/persons-with-significant-control/corporate-entity/YdE78EbEzex73uggY4I4e-Xh-68,9fa38ee0c929828d516dd9be58f66f0828d0c583,3
OC437891,OC432564,Stephenson Works Llp,2021-06-14,,false,voting-rights-25-to-50-percent-limited-liability-partnership,Corporate,Limited Liability Partnerships Act 2000,England And Wales,Companies House,corporate-entity-person-with-significant-control,https://api.company-information.service.gov.uk/company/OC437891/persons-with-significant-control/corporate-entity/YdE78EbEzex73uggY4I4e-Xh-68,9fa38ee0c929828d516dd9be58f66f0828d0c583,3
05428762,03783019,Carillion Holdings Limited,2016-04-06,2018-08-29,true,ownership-of-shares-25-to-50-percent,Private Limited Company,Companies Act 2006,England & Wales,Companies House,corporate-entity-person-with-significant-control,https://api.company-information.service.gov.uk/company/05428762/persons-with-significant-control/corporate-entity/SBle0GovYsuU7-9wN27fdzbo7Rk,df1dde51c6e1b7b3a9ea638b0deae5f742a04472,2
05428762,03783019,Carillion Holdings Limited,2016-04-06,2018-08-29,true,voting-rights-25-to-50-percent,Private Limited Company,Companies Act 2006,England & Wales,Companies House,corporate-entity-person-with-significant-control,https://api.company-information.service.gov.uk/company/05428762/persons-with-significant-control/corporate-entity/SBle0GovYsuU7-9wN27fdzbo7Rk,df1dde51c6e1b7b3a9ea638b0deae5f742a04472,2
01685693,01367044,Carillion (Am) Limited,2016-04-06,,false,ownership-of-shares-75-to-100-percent,Private Limited Company,Companies Act 2006,England & Wales,Companies House,corporate-entity-person-with-significant-control,https://api.company-information.service.gov.uk/company/01685693/persons-with-significant-control/corporate-entity/q_bvarZNUt_G7IrLIftFTWmQAfE,cade4edccb3bf5fd31bc2790fc14bc56cacecd45,2
01685693,01367044,Carillion (Am) Limited,2016-04-06,,false,right-to-appoint-and-remove-directors,Private Limited Company,Companies Act 2006,England & Wales,Companies House,corporate-entity-person-with-significant-control,https://api.company-information.service.gov.uk/company/01685693/persons-with-significant-control/corporate-entity/q_bvarZNUt_G7IrLIftFTWmQAfE,cade4edccb3bf5fd31bc2790fc14bc56cacecd45,2
01685693,01367044,Carillion (Am) Limited,2016-04-06,,false,voting-rights-75-to-100-percent,Private Limited Company,Companies Act 2006,England & Wales,Companies House,corporate-entity-person-with-significant-control,https://api.company-information.service.gov.uk/company/01685693/persons-with-significant-control/corporate-entity/q_bvarZNUt_G7IrLIftFTWmQAfE,cade4edccb3bf5fd31bc2790fc14bc56cacecd45,2
05428732,03783019,Carillion Holdings Limited,2016-04-06,2018-08-29,true,ownership-of-shares-50-to-75-percent,Private Limited Company,Companies Act 2006,England & Wales,Companies House,corporate-entity-person-with-significant-control,https://api.company-information.service.gov.uk/company/05428732/persons-with-significant-control/corporate-entity/54ZrRjhA8UN-5Gn2vLDMqTcwCcg,643acdc3fe56f8f9d1e0dcbeeecc9caf1b0d7318,2
05428732,03783019,Carillion Holdings Limited,2016-04-06,2018-08-29,true,voting-rights-50-to-75-percent,Private Limited Company,Companies Act 2006,England & Wales,Companies House,corporate-entity-person-with-significant-control,https://api.company-information.service.gov.uk/company/05428732/persons-with-significant-control/corporate-entity/54ZrRjhA8UN-5Gn2vLDMqTcwCcg,643acdc3fe56f8f9d1e0dcbeeecc9caf1b0d7318,2
14652635,14419831,Pfp-Igloo Developments Limited,2023-03-31,,false,ownership-of-shares-75-to-100-percent,Private Limited Company,Companies Act 2006,United Kingdom,Companies Registry England And Wales,corporate-entity-person-with-significant-control,https://api.company-information.service.gov.uk/company/14652635/persons-with-significant-control/corporate-entity/Tv6q97OPie6fyWsllUilaLEvrDo,c517ac473baf9fb7e54b9ba6ebe613f42eb7c2f7,4
14652635,14419831,Pfp-Igloo Developments Limited,2023-03-31,,false,right-to-appoint-and-remove-directors,Private Limited Company,Companies Act 2006,United Kingdom,Companies Registry England And Wales,corporate-entity-person-with-significant-control,https://api.company-information.service.gov.uk/company/14652635/persons-with-significant-control/corporate-entity/Tv6q97OPie6fyWsllUilaLEvrDo,c517ac473baf9fb7e54b9ba6ebe613f42eb7c2f7,4
14652635,14419831,Pfp-Igloo Developments Limited,2023-03-31,,false,voting-rights-75-to-100-percent,Private Limited Company,Companies Act 2006,United Kingdom,Companies Registry England And Wales,corporate-entity-person-with-significant-control,https://api.company-information.service.gov.uk/company/14652635/persons-with-significant-control/corporate-entity/Tv6q97OPie6fyWsllUilaLEvrDo,c517ac473baf9fb7e54b9ba6ebe613f42eb7c2f7,4
05477550,00247624,Carillion Capital Projects Limited,2016-04-06,2018-02-22,true,ownership-of-shares-25-to-50-percent,Private Limited Company,Companies Act 2006,England,Companies House,corporate-entity-person-with-significant-control,https://api.company-information.service.gov.uk/company/05477550/persons-with-significant-control/corporate-entity/XPBZMS6LPGn-T9YhftuUISC1ES8,927344a8b7caa2508ce3e06a66d03139ca5d9c7e,3
05477550,00247624,Carillion Capital Projects Limited,2016-04-06,2018-02-22,true,right-to-appoint-and-remove-directors,Private Limited Company,Companies Act 2006,England,Companies House,corporate-entity-person-with-significant-control,https://api.company-information.service.gov.uk/company/05477550/persons-with-significant-control/corporate-entity/XPBZMS6LPGn-T9YhftuUISC1ES8,927344a8b7caa2508ce3e06a66d03139ca5d9c7e,3
05477550,00247624,Carillion Capital Projects Limited,2016-04-06,2018-02-22,true,voting-rights-25-to-50-percent,Private Limited Company,Companies Act 2006,England,Companies House,corporate-entity-person-with-significant-control,https://api.company-information.service.gov.uk/company/05477550/persons-with-significant-control/corporate-entity/XPBZMS6LPGn-T9YhftuUISC1ES8,927344a8b7caa2508ce3e06a66d03139ca5d9c7e,3
03392601,00077628,Carillion Jm Limited,2016-04-06,,false,ownership-of-shares-75-to-100-percent,Private Limited Company,Companies Act 2006,England,Companies House,corporate-entity-person-with-significant-control,https://api.company-information.service.gov.uk/company/03392601/persons-with-significant-control/corporate-entity/3mTGlCtVA5lsPYboh7749kz-Js8,14a38c61e332cfa08106051c0d77aea3d730b72e,2
03392601,00077628,Carillion Jm Limited,2016-04-06,,false,right-to-appoint-and-remove-directors,Private Limited Company,Companies Act 2006,England,Companies House,corporate-entity-person-with-significant-control,https://api.company-information.service.gov.uk/company/03392601/persons-with-significant-control/corporate-entity/3mTGlCtVA5lsPYboh7749kz-Js8,14a38c61e332cfa08106051c0d77aea3d730b72e,2
03392601,00077628,Carillion Jm Limited,2016-04-06,,false,voting-rights-75-to-100-percent,Private Limited Company,Companies Act 2006,England,Companies House,corporate-entity-person-with-significant-control,https://api.company-information.service.gov.uk/company/03392601/persons-with-significant-control/corporate-entity/3mTGlCtVA5lsPYboh7749kz-Js8,14a38c61e332cfa08106051c0d77aea3d730b72e,2
08113900,08114163,Inspiredspaces Rochdale (Psp3) Limited,2016-04-06,2016-12-31,true,ownership-of-shares-50-to-75-percent,Private Limited Company,Companies Act 2006,England,Companies House,corporate-entity-person-with-significant-control,https://api.company-information.service.gov.uk/company/08113900/persons-with-significant-control/corporate-entity/1Aotrgvu8qzEHT4l6N5-__ijWik,61c8f5933879d46768b80e69a301085572d4cfe8,4
08113900,08114163,Inspiredspaces Rochdale (Psp3) Limited,2016-04-06,2016-12-31,true,right-to-appoint-and-remove-directors,Private Limited Company,Companies Act 2006,England,Companies House,corporate-entity-person-with-significant-control,https://api.company-information.service.gov.uk/company/08113900/persons-with-significant-control/corporate-entity/1Aotrgvu8qzEHT4l6N5-__ijWik,61c8f5933879d46768b80e69a301085572d4cfe8,4
08113900,08114163,Inspiredspaces Rochdale (Psp3) Limited,2016-04-06,2016-12-31,true,voting-rights-50-to-75-percent,Private Limited Company,Companies Act 2006,England,Companies House,corporate-entity-person-with-significant-control,https://api.company-information.service.gov.uk/company/08113900/persons-with-significant-control/corporate-entity/1Aotrgvu8qzEHT4l6N5-__ijWik,61c8f5933879d46768b80e69a301085572d4cfe8,4
08705990,03787277,Carillion Nominees Limited,2017-05-18,,false,ownership-of-shares-75-to-100-percent,Private Limited Company,Companies Act 2006,England,Companies House,corporate-entity-person-with-significant-control,https://api.company-information.service.gov.uk/company/08705990/persons-with-significant-control/corporate-entity/-czl2lzNnSZFOoGujrKq9_4hO1Y,f690410a41f12277dc96ec0ba0f78f11983bba7d,2
08705990,03787277,Carillion Nominees Limited,2017-05-18,,false,voting-rights-75-to-100-percent,Private Limited Company,Companies Act 2006,England,Companies House,corporate-entity-person-with-significant-control,https://api.company-information.service.gov.uk/company/08705990/persons-with-significant-control/corporate-entity/-czl2lzNnSZFOoGujrKq9_4hO1Y,f690410a41f12277dc96ec0ba0f78f11983bba7d,2
02646690,03782379,Carillion Plc,2016-04-06,,false,ownership-of-shares-75-to-100-percent,Public Limited Company,Companies Act 2006,England,Companies House,corporate-entity-person-with-significant-control,https://api.company-information.service.gov.uk/company/02646690/persons-with-significant-control/corporate-entity/sH7bQ-c5tmj5Rs8JI_UgBWgY7nA,5970cbd2355053bbd76574e3a8b17274ea5a90c4,1
02646690,03782379,Carillion Plc,2016-04-06,,false,voting-rights-75-to-100-percent,Public Limited Company,Companies Act 2006,England,Companies House,corporate-entity-person-with-significant-control,https://api.company-information.service.gov.uk/company/02646690/persons-with-significant-control/corporate-entity/sH7bQ-c5tmj5Rs8JI_UgBWgY7nA,5970cbd2355053bbd76574e3a8b17274ea5a90c4,1
SC489636,SC489526,Aberdeen Roads Holdings Limited,2016-04-06,,false,ownership-of-shares-75-to-100-percent,Limited By Shares,United Kingdom (Scotland),Scotland,Companies House,corporate-entity-person-with-significant-control,https://api.company-information.service.gov.uk/company/SC489636/persons-with-significant-control/corporate-entity/sX-vmT42SRL5wyT2oeRbLmiUtPs,b47fc0c14143b2c085e4d266f5ff3fb64897f425,4
SC489636,SC489526,Aberdeen Roads Holdings Limited,2016-04-06,,false,right-to-appoint-and-remove-directors,Limited By Shares,United Kingdom (Scotland),Scotland,Companies House,corporate-entity-person-with-significant-control,https://api.company-information.service.gov.uk/company/SC489636/persons-with-significant-control/corporate-entity/sX-vmT42SRL5wyT2oeRbLmiUtPs,b47fc0c14143b2c085e4d266f5ff3fb64897f425,4
SC489636,SC489526,Aberdeen Roads Holdings Limited,2016-04-06,,false,voting-rights-75-to-100-percent,Limited By Shares,United Kingdom (Scotland),Scotland,Companies House,corporate-entity-person-with-significant-control,https://api.company-information.service.gov.uk/company/SC489636/persons-with-significant-control/corporate-entity/sX-vmT42SRL5wyT2oeRbLmiUtPs,b47fc0c14143b2c085e4d266f5ff3fb64897f425,4
SC489526,05753751,Carillion Private Finance(Transport) Limited,2016-04-06,2020-03-31,true,ownership-of-shares-25-to-50-percent,Corporate,United Kingdom (England),England,Companies House,corporate-entity-person-with-significant-control,https://api.company-information.service.gov.uk/company/SC489526/persons-with-significant-control/corporate-entity/TQNyiPDc8Pk78Yx9hhIlF8pJVfk,2b9091cc28fe5feddcba319c06353f94159d63ab,3
SC489526,05753751,Carillion Private Finance(Transport) Limited,2016-04-06,2020-03-31,true,right-to-appoint-and-remove-directors,Corporate,United Kingdom (England),England,Companies House,corporate-entity-person-with-significant-control,https://api.company-information.service.gov.uk/company/SC489526/persons-with-significant-control/corporate-entity/TQNyiPDc8Pk78Yx9hhIlF8pJVfk,2b9091cc28fe5feddcba319c06353f94159d63ab,3
SC489526,05753751,Carillion Private Finance(Transport) Limited,2016-04-06,2020-03-31,true,voting-rights-25-to-50-percent,Corporate,United Kingdom (England),England,Companies House,corporate-entity-person-with-significant-control,https://api.company-information.service.gov.uk/company/SC489526/persons-with-significant-control/corporate-entity/TQNyiPDc8Pk78Yx9hhIlF8pJVfk,2b9091cc28fe5feddcba319c06353f94159d63ab,3
02294384,03782379,Carillion Plc,2016-04-06,,false,ownership-of-shares-75-to-100-percent,Public Limited Company,Companies Act 2006,England & Wales,Companies House,corporate-entity-person-with-significant-control,https://api.company-information.service.gov.uk/company/02294384/persons-with-significant-control/corporate-entity/yBW8fKkyAJJjZNVqVSW55tMWKvU,91bebe1f1bf737ad229baf8f7668c9e28d353e70,1
02294384,03782379,Carillion Plc,2016-04-06,,false,right-to-appoint-and-remove-directors,Public Limited Company,Companies Act 2006,England & Wales,Companies House,corporate-entity-person-with-significant-control,https://api.company-information.service.gov.uk/company/02294384/persons-with-significant-control/corporate-entity/yBW8fKkyAJJjZNVqVSW55tMWKvU,91bebe1f1bf737ad229baf8f7668c9e28d353e70,1
02294384,03782379,Carillion Plc,2016-04-06,,false,voting-rights-75-to-100-percent,Public Limited Company,Companies Act 2006,England & Wales,Companies House,corporate-entity-person-with-significant-control,https://api.company-information.service.gov.uk/company/02294384/persons-with-significant-control/corporate-entity/yBW8fKkyAJJjZNVqVSW55tMWKvU,91bebe1f1bf737ad229baf8f7668c9e28d353e70,1
07154960,07155049,Inspiredspaces Wolerhampton (Psp1) Limited,2016-04-06,,false,ownership-of-shares-75-to-100-percent,Private Limited Company,Companies Act 2006,England,Companies House,corporate-entity-person-with-significant-control,https://api.company-information.service.gov.uk/company/07154960/persons-with-significant-control/corporate-entity/-zV4K05EMeGb7vF7HGsdYSOXpB0,960cfa4abb2a424a99bdf3d297b2a4fc1421c201,4
07154960,07155049,Inspiredspaces Wolerhampton (Psp1) Limited,2016-04-06,,false,right-to-appoint-and-remove-directors,Private Limited Company,Companies Act 2006,England,Companies House,corporate-entity-person-with-significant-control,https://api.company-information.service.gov.uk/company/07154960/persons-with-significant-control/corporate-entity/-zV4K05EMeGb7vF7HGsdYSOXpB0,960cfa4abb2a424a99bdf3d297b2a4fc1421c201,4
07154960,07155049,Inspiredspaces Wolerhampton (Psp1) Limited,2016-04-06,,false,voting-rights-75-to-100-percent,Private Limited Company,Companies Act 2006,England,Companies House,corporate-entity-person-with-significant-control,https://api.company-information.service.gov.uk/company/07154960/persons-with-significant-control/corporate-entity/-zV4K05EMeGb7vF7HGsdYSOXpB0,960cfa4abb2a424a99bdf3d297b2a4fc1421c201,4
06844186,08113991,Amber Lep Investments Limited,2016-04-06,,false,ownership-of-shares-75-to-100-percent,Private Limited Company,Companies Act 2006,England & Wales,Companies House,corporate-entity-person-with-significant-control,https://api.company-information.service.gov.uk/company/06844186/persons-with-significant-control/corporate-entity/YLRlM_5KUr-l1jHDx2fNxn958hQ,801343c8e73ecbf1d67f09e895aed0f757a33cf7,3
06844186,08113991,Amber Lep Investments Limited,2016-04-06,,false,voting-rights-75-to-100-percent,Private Limited Company,Companies Act 2006,England & Wales,Companies House,corporate-entity-person-with-significant-control,https://api.company-information.service.gov.uk/company/06844186/persons-with-significant-control/corporate-entity/YLRlM_5KUr-l1jHDx2fNxn958hQ,801343c8e73ecbf1d67f09e895aed0f757a33cf7,3
15626975,14419831,Pfp-Igloo Developments Limited,2024-04-08,,false,ownership-of-shares-75-to-100-percent,Private Limited Company,Companies Act 2006,United Kingdom,United Kingdom,corporate-entity-person-with-significant-control,https://api.company-information.service.gov.uk/company/15626975/persons-with-significant-control/corporate-entity/MKqKI8Ku9ZxuHJRvK7kbuszjs68,61dcad2e7958484241db1422484e345aead8ac8c,4
15626975,14419831,Pfp-Igloo Developments Limited,2024-04-08,,false,right-to-appoint-and-remove-directors,Private Limited Company,Companies Act 2006,United Kingdom,United Kingdom,corporate-entity-person-with-significant-control,https://api.company-information.service.gov.uk/company/15626975/persons-with-significant-control/corporate-entity/MKqKI8Ku9ZxuHJRvK7kbuszjs68,61dcad2e7958484241db1422484e345aead8ac8c,4
15626975,14419831,Pfp-Igloo Developments Limited,2024-04-08,,false,voting-rights-75-to-100-percent,Private Limited Company,Companies Act 2006,United Kingdom,United Kingdom,corporate-entity-person-with-significant-control,https://api.company-information.service.gov.uk/company/15626975/persons-with-significant-control/corporate-entity/MKqKI8Ku9ZxuHJRvK7kbuszjs68,61dcad2e7958484241db1422484e345aead8ac8c,4
00398443,00077628,Carillion Jm Limited,2016-04-06,,false,ownership-of-shares-75-to-100-percent,Private Limited Company,Companies Act 2006,England & Wales,Companies House,corporate-entity-person-with-significant-control,https://api.company-information.service.gov.uk/company/00398443/persons-with-significant-control/corporate-entity/63Y4bBbMfIMn1LTEr2M4P9tusz4,24ed54954d80258bbbb21e44cf1bd453905a6b58,2
00398443,00077628,Carillion Jm Limited,2016-04-06,,false,right-to-appoint-and-remove-directors,Private Limited Company,Companies Act 2006,England & Wales,Companies House,corporate-entity-person-with-significant-control,https://api.company-information.service.gov.uk/company/00398443/persons-with-significant-control/corporate-entity/63Y4bBbMfIMn1LTEr2M4P9tusz4,24ed54954d80258bbbb21e44cf1bd453905a6b58,2
00398443,00077628,Carillion Jm Limited,2016-04-06,,false,voting-rights-75-to-100-percent,Private Limited Company,Companies Act 2006,England & Wales,Companies House,corporate-entity-person-with-significant-control,https://api.company-information.service.gov.uk/company/00398443/persons-with-significant-control/corporate-entity/63Y4bBbMfIMn1LTEr2M4P9tusz4,24ed54954d80258bbbb21e44cf1bd453905a6b58,2
02404092,00737307,Planned Maintenance Engineering Limited,2016-04-06,,false,ownership-of-shares-75-to-100-percent,Private Limited Company,Companies Act 2006,England,Companies House,corporate-entity-person-with-significant-control,https://api.company-information.service.gov.uk/company/02404092/persons-with-significant-control/corporate-entity/SQdkcPKf4LdvKHOVTax5Btrc9Xg,e40fae34d20994145961804bd1821b2dfcd6021a,2
02404092,00737307,Planned Maintenance Engineering Limited,2016-04-06,,false,right-to-appoint-and-remove-directors,Private Limited Company,Companies Act 2006,England,Companies House,corporate-entity-person-with-significant-control,https://api.company-information.service.gov.uk/company/02404092/persons-with-significant-control/corporate-entity/SQdkcPKf4LdvKHOVTax5Btrc9Xg,e40fae34d20994145961804bd1821b2dfcd6021a,2
02404092,00737307,Planned Maintenance Engineering Limited,2016-04-06,,false,voting-rights-75-to-100-percent,Private Limited Company,Companies Act 2006,England,Companies House,corporate-entity-person-with-significant-control,https://api.company-information.service.gov.uk/company/02404092/persons-with-significant-control/corporate-entity/SQdkcPKf4LdvKHOVTax5Btrc9Xg,e40fae34d20994145961804bd1821b2dfcd6021a,2
01141203,02217605,Sovereign Harbour Limited,2016-04-06,,false,ownership-of-shares-75-to-100-percent,Private Limited Company,Companies Act 2006,England & Wales,Companies House,corporate-entity-person-with-significant-control,https://api.company-information.service.gov.uk/company/01141203/persons-with-significant-control/corporate-entity/p4ZIw2CPEHjdpbE0YfpnKYvl3zA,b9ad11bef0aaf3e9336e399ec0c62ce31efb2eb2,3
01141203,02217605,Sovereign Harbour Limited,2016-04-06,,false,right-to-appoint-and-remove-directors,Private Limited Company,Companies Act 2006,England & Wales,Companies House,corporate-entity-person-with-significant-control,https://api.company-information.service.gov.uk/company/01141203/persons-with-significant-control/corporate-entity/p4ZIw2CPEHjdpbE0YfpnKYvl3zA,b9ad11bef0aaf3e9336e399ec0c62ce31efb2eb2,3
01141203,02217605,Sovereign Harbour Limited,2016-04-06,,false,voting-rights-75-to-100-percent,Private Limited Company,Companies Act 2006,England & Wales,Companies House,corporate-entity-person-with-significant-control,https://api.company-information.service.gov.uk/company/01141203/persons-with-significant-control/corporate-entity/p4ZIw2CPEHjdpbE0YfpnKYvl3zA,b9ad11bef0aaf3e9336e399ec0c62ce31efb2eb2,3
00369692,01367044,Carillion (Am) Limited,2016-04-06,,false,ownership-of-shares-75-to-100-percent,Private Limited Company,Companies Act 2006,England & Wales,Companies House,corporate-entity-person-with-significant-control,https://api.company-information.service.gov.uk/company/00369692/persons-with-significant-control/corporate-entity/sxPVNYRJb8msrYoZKdtGhFnkgOE,cc6c740d9f91630bbaac2151e16a0f3910040a55,2
00369692,01367044,Carillion (Am) Limited,2016-04-06,,false,right-to-appoint-and-remove-directors,Private Limited Company,Companies Act 2006,England & Wales,Companies House,corporate-entity-person-with-significant-control,https://api.company-information.service.gov.uk/company/00369692/persons-with-significant-control/corporate-entity/sxPVNYRJb8msrYoZKdtGhFnkgOE,cc6c740d9f91630bbaac2151e16a0f3910040a55,2
00369692,01367044,Carillion (Am) Limited,2016-04-06,,false,voting-rights-75-to-100-percent,Private Limited Company,Companies Act 2006,England & Wales,Companies House,corporate-entity-person-with-significant-control,https://api.company-information.service.gov.uk/company/00369692/persons-with-significant-control/corporate-entity/sxPVNYRJb8msrYoZKdtGhFnkgOE,cc6c740d9f91630bbaac2151e16a0f3910040a55,2
00883233,00594581,Carillion Construction Limited,2016-04-06,,false,ownership-of-shares-75-to-100-percent,Private Limited Company,Companies Act 2006,England & Wales,Companies House,corporate-entity-person-with-significant-control,https://api.company-information.service.gov.uk/company/00883233/persons-with-significant-control/corporate-entity/2e-VIn8SfhzU3UwBZn9b8YKVuUQ,5bb3097ac3c77f6a1c5723e40037cc23edf60319,2
00883233,00594581,Carillion Construction Limited,2016-04-06,,false,right-to-appoint-and-remove-directors,Private Limited Company,Companies Act 2006,England & Wales,Companies House,corporate-entity-person-with-significant-control,https://api.company-information.service.gov.uk/company/00883233/persons-with-significant-control/corporate-entity/2e-VIn8SfhzU3UwBZn9b8YKVuUQ,5bb3097ac3c77f6a1c5723e40037cc23edf60319,2
00883233,00594581,Carillion Construction Limited,2016-04-06,,false,voting-rights-75-to-100-percent,Private Limited Company,Companies Act 2006,England & Wales,Companies House,corporate-entity-person-with-significant-control,https://api.company-information.service.gov.uk/company/00883233/persons-with-significant-control/corporate-entity/2e-VIn8SfhzU3UwBZn9b8YKVuUQ,5bb3097ac3c77f6a1c5723e40037cc23edf60319,2
00349002,03782379,Carillion Plc,2016-04-06,,false,ownership-of-shares-75-to-100-percent,Public Limited Company,Companies Act 2006,England & Wales,Companies House,corporate-entity-person-with-significant-control,https://api.company-information.service.gov.uk/company/00349002/persons-with-significant-control/corporate-entity/qNnbmv8HSw-k2-HsN4xRGMRsCwQ,bef4fb3a326496246c2f022a324ca2aeee5d1975,1
00349002,03782379,Carillion Plc,2016-04-06,,false,right-to-appoint-and-remove-directors,Public Limited Company,Companies Act 2006,England & Wales,Companies House,corporate-entity-person-with-significant-control,https://api.company-information.service.gov.uk/company/00349002/persons-with-significant-control/corporate-entity/qNnbmv8HSw-k2-HsN4xRGMRsCwQ,bef4fb3a326496246c2f022a324ca2aeee5d1975,1
00349002,03782379,Carillion Plc,2016-04-06,,false,voting-rights-75-to-100-percent,Public Limited Company,Companies Act 2006,England & Wales,Companies House,corporate-entity-person-with-significant-control,https://api.company-information.service.gov.uk/company/00349002/persons-with-significant-control/corporate-entity/qNnbmv8HSw-k2-HsN4xRGMRsCwQ,bef4fb3a326496246c2f022a324ca2aeee5d1975,1
08686441,08649446,Inspiredspaces Wolverhampton (Psp3) Limited,2016-04-06,2016-07-08,true,ownership-of-shares-50-to-75-percent,Private Company Limited By Shares,Companies Act 2006,United Kingdom,Companies House,corporate-entity-person-with-significant-control,https://api.company-information.service.gov.uk/company/08686441/persons-with-significant-control/corporate-entity/PaLfD0r_ILAUGiIZINyBKX7HVdc,173856ef8d6a160ab2e0c92636eecd5350c38db0,4
15601094,10027959,Salboy Central Limited,2024-03-28,,false,right-to-appoint-and-remove-directors,Corporate,United Kingdom (England And Wales),England And Wales,Companies House,corporate-entity-person-with-significant-control,https://api.company-information.service.gov.uk/company/15601094/persons-with-significant-control/corporate-entity/Hb1AQzPY9mj8eF8ul0FBcuOs0a4,b7210e44e73caa39f5e10bc5b7fb88c96252a53d,4
15601094,10027959,Salboy Central Limited,2024-03-28,,false,voting-rights-75-to-100-percent,Corporate,United Kingdom (England And Wales),England And Wales,Companies House,corporate-entity-person-with-significant-control,https://api.company-information.service.gov.uk/company/15601094/persons-with-significant-control/corporate-entity/Hb1AQzPY9mj8eF8ul0FBcuOs0a4,b7210e44e73caa39f5e10bc5b7fb88c96252a53d,4
03523664,03783015,Carillion Cr Limited,2016-04-06,,false,ownership-of-shares-25-to-50-percent,Private Limited Company,Companies Act 2006,England & Wales,Companies House,corporate-entity-person-with-significant-control,https://api.company-information.service.gov.uk/company/03523664/persons-with-significant-control/corporate-entity/qivU1T8IGvSkKDRy3wMq0_fLf7I,1a6c639f607211747a1f7613bc1f2282cb5b2a1d,3
03523664,03783015,Carillion Cr Limited,2016-04-06,,false,voting-rights-25-to-50-percent,Private Limited Company,Companies Act 2006,England & Wales,Companies House,corporate-entity-person-with-significant-control,https://api.company-information.service.gov.uk/company/03523664/persons-with-significant-control/corporate-entity/qivU1T8IGvSkKDRy3wMq0_fLf7I,1a6c639f607211747a1f7613bc1f2282cb5b2a1d,3
06137874,05769391,Lodge Park Commercial Developments Limited,2016-04-06,2018-10-10,true,ownership-of-shares-75-to-100-percent,Private Limited Company,Companies Act 2006,England & Wales,Companies House,corporate-entity-person-with-significant-control,https://api.company-information.service.gov.uk/company/06137874/persons-with-significant-control/corporate-entity/_RV8NfxUplr9JS0RXc97uqZ4jMc,aaebd56f75517a74eef6addb03e779b9cd1a08be,3
06137874,05769391,Lodge Park Commercial Developments Limited,2016-04-06,2018-10-10,true,voting-rights-75-to-100-percent,Private Limited Company,Companies Act 2006,England & Wales,Companies House,corporate-entity-person-with-significant-control,https://api.company-information.service.gov.uk/company/06137874/persons-with-significant-control/corporate-entity/_RV8NfxUplr9JS0RXc97uqZ4jMc,aaebd56f75517a74eef6addb03e779b9cd1a08be,3
00404120,01367044,Carillion (Am) Limited,2016-04-06,2018-12-12,true,ownership-of-shares-75-to-100-percent,Private Limited Company,Companies Act 2006,England & Wales,Companies House,corporate-entity-person-with-significant-control,https://api.company-information.service.gov.uk/company/00404120/persons-with-significant-control/corporate-entity/-excJHbdMPidNitsUQJzOilnCyY,adf026ff29806ffb19825bb58c27bea978b1bac1,2
00404120,01367044,Carillion (Am) Limited,2016-04-06,2018-12-12,true,right-to-appoint-and-remove-directors,Private Limited Company,Companies Act 2006,England & Wales,Companies House,corporate-entity-person-with-significant-control,https://api.company-information.service.gov.uk/company/00404120/persons-with-significant-control/corporate-entity/-excJHbdMPidNitsUQJzOilnCyY,adf026ff29806ffb19825bb58c27bea978b1bac1,2
00404120,01367044,Carillion (Am) Limited,2016-04-06,2018-12-12,true,voting-rights-75-to-100-percent,Private Limited Company,Companies Act 2006,England & Wales,Companies House,corporate-entity-person-with-significant-control,https://api.company-information.service.gov.uk/company/00404120/persons-with-significant-control/corporate-entity/-excJHbdMPidNitsUQJzOilnCyY,adf026ff29806ffb19825bb58c27bea978b1bac1,2
00303453,03782379,Carillion Plc,2016-04-06,,false,ownership-of-shares-75-to-100-percent,Public Limited Company,Companies Act 2006,England & Wales,Companies House,corporate-entity-person-with-significant-control,https://api.company-information.service.gov.uk/company/00303453/persons-with-significant-control/corporate-entity/SmswbAfGYRs4gn6nk6PUts563_Y,39fa7afcac6b06b72ba2b864a51a3f295c1bba7b,1
00303453,03782379,Carillion Plc,2016-04-06,,false,right-to-appoint-and-remove-directors,Public Limited Company,Companies Act 2006,England & Wales,Companies House,corporate-entity-person-with-significant-control,https://api.company-information.service.gov.uk/company/00303453/persons-with-significant-control/corporate-entity/SmswbAfGYRs4gn6nk6PUts563_Y,39fa7afcac6b06b72ba2b864a51a3f295c1bba7b,1
00303453,03782379,Carillion Plc,2016-04-06,,false,voting-rights-75-to-100-percent,Public Limited Company,Companies Act 2006,England & Wales,Companies House,corporate-entity-person-with-significant-control,https://api.company-information.service.gov.uk/company/00303453/persons-with-significant-control/corporate-entity/SmswbAfGYRs4gn6nk6PUts563_Y,39fa7afcac6b06b72ba2b864a51a3f295c1bba7b,1
SC489591,SC489526,Aberdeen Roads Holdings Limited,2016-04-06,,false,ownership-of-shares-75-to-100-percent,Limited By Shares,United Kingdom (Scotland),Scotland,Companies House,corporate-entity-person-with-significant-control,https://api.company-information.service.gov.uk/company/SC489591/persons-with-significant-control/corporate-entity/-8mZIApmcYZ4Y8p6B5V1fElvJEs,f676a06a63de53d65c7dfa4c040f3048d43eaf38,4
SC489591,SC489526,Aberdeen Roads Holdings Limited,2016-04-06,,false,right-to-appoint-and-remove-directors,Limited By Shares,United Kingdom (Scotland),Scotland,Companies House,corporate-entity-person-with-significant-control,https://api.company-information.service.gov.uk/company/SC489591/persons-with-significant-control/corporate-entity/-8mZIApmcYZ4Y8p6B5V1fElvJEs,f676a06a63de53d65c7dfa4c040f3048d43eaf38,4
SC489591,SC489526,Aberdeen Roads Holdings Limited,2016-04-06,,false,voting-rights-75-to-100-percent,Limited By Shares,United Kingdom (Scotland),Scotland,Companies House,corporate-entity-person-with-significant-control,https://api.company-information.service.gov.uk/company/SC489591/persons-with-significant-control/corporate-entity/-8mZIApmcYZ4Y8p6B5V1fElvJEs,f676a06a63de53d65c7dfa4c040f3048d43eaf38,4
12752167,07211684,Pfp Igloo (General Partner) Limited,2020-07-19,2024-05-24,true,ownership-of-shares-75-to-100-percent,Limited By Guarantee,English Law,England And Wales,"Companies House, Uk",corporate-entity-person-with-significant-control,https://api.company-information.service.gov.uk/company/12752167/persons-with-significant-control/corporate-entity/m8JWG4CJMN_5t1zbqYJjAJdpIYU,a6b88f25c86381d23efca1b8374479a4142a50a3,3
12752167,07211684,Pfp Igloo (General Partner) Limited,2020-07-19,2024-05-24,true,right-to-appoint-and-remove-directors,Limited By Guarantee,English Law,England And Wales,"Companies House, Uk",corporate-entity-person-with-significant-control,https://api.company-information.service.gov.uk/company/12752167/persons-with-significant-control/corporate-entity/m8JWG4CJMN_5t1zbqYJjAJdpIYU,a6b88f25c86381d23efca1b8374479a4142a50a3,3
12752167,07211684,Pfp Igloo (General Partner) Limited,2020-07-19,2024-05-24,true,voting-rights-75-to-100-percent,Limited By Guarantee,English Law,England And Wales,"Companies House, Uk",corporate-entity-person-with-significant-control,https://api.company-information.service.gov.uk/company/12752167/persons-with-significant-control/corporate-entity/m8JWG4CJMN_5t1zbqYJjAJdpIYU,a6b88f25c86381d23efca1b8374479a4142a50a3,3
00159414,00594581,Carillion Construction Limited,2016-04-06,,false,ownership-of-shares-75-to-100-percent,Private Limited Company,Companies Act 2006,England & Wales,Companies House,corporate-entity-person-with-significant-control,https://api.company-information.service.gov.uk/company/00159414/persons-with-significant-control/corporate-entity/61iI6wCH5PjLfvks5evUmC8xksQ,163126e83669ee62bc69d9238288e4913218a856,2
00159414,00594581,Carillion Construction Limited,2016-04-06,,false,right-to-appoint-and-remove-directors,Private Limited Company,Companies Act 2006,England & Wales,Companies House,corporate-entity-person-with-significant-control,https://api.company-information.service.gov.uk/company/00159414/persons-with-significant-control/corporate-entity/61iI6wCH5PjLfvks5evUmC8xksQ,163126e83669ee62bc69d9238288e4913218a856,2
00159414,00594581,Carillion Construction Limited,2016-04-06,,false,voting-rights-75-to-100-percent,Private Limited Company,Companies Act 2006,England & Wales,Companies House,corporate-entity-person-with-significant-control,https://api.company-information.service.gov.uk/company/00159414/persons-with-significant-control/corporate-entity/61iI6wCH5PjLfvks5evUmC8xksQ,163126e83669ee62bc69d9238288e4913218a856,2
06436101,06436121,Inspiredspaces Stag (Psp1) Limited,2016-04-06,,false,ownership-of-shares-75-to-100-percent,Limited By Shares,Companies Act 2006,England & Wales,Companies House,corporate-entity-person-with-significant-control,https://api.company-information.service.gov.uk/company/06436101/persons-with-significant-control/corporate-entity/OhOIKA8KGf4Bwhi0XinCJ4ULHIQ,aafac2a2b0177aefd94e5881cf601fda3e02312e,4
06436101,06436121,Inspiredspaces Stag (Psp1) Limited,2016-04-06,,false,voting-rights-75-to-100-percent,Limited By Shares,Companies Act 2006,England & Wales,Companies House,corporate-entity-person-with-significant-control,https://api.company-information.service.gov.uk/company/06436101/persons-with-significant-control/corporate-entity/OhOIKA8KGf4Bwhi0XinCJ4ULHIQ,aafac2a2b0177aefd94e5881cf601fda3e02312e,4
06436121,08113991,Amber Lep Investments Limited,2016-04-06,2021-12-21,true,ownership-of-shares-50-to-75-percent,Limited By Shares,Companies Act 2006,England & Wales,Companies House,corporate-entity-person-with-significant-control,https://api.company-information.service.gov.uk/company/06436121/persons-with-significant-control/corporate-entity/ObvGySJk6zl6wTfInafAoXk4bK0,002f7035b1cd2ed064a977cbf1a54c8a1f6f2b38,3
06436121,08113991,Amber Lep Investments Limited,2016-04-06,2021-12-21,true,voting-rights-50-to-75-percent,Limited By Shares,Companies Act 2006,England & Wales,Companies House,corporate-entity-person-with-significant-control,https://api.company-information.service.gov.uk/company/06436121/persons-with-significant-control/corporate-entity/ObvGySJk6zl6wTfInafAoXk4bK0,002f7035b1cd2ed064a977cbf1a54c8a1f6f2b38,3
OC394705,01469541,Carillion (Maple Oak) Limited,2016-04-06,2019-03-08,true,voting-rights-25-to-50-percent-limited-liability-partnership,Limited Company,Companies Act,West Midlands,England,corporate-entity-person-with-significant-control,https://api.company-information.service.gov.uk/company/OC394705/persons-with-significant-control/corporate-entity/XAEcZJ5jAx9M8NvM6cndTFM2pyM,aaa40e224b4f8d889257aeb0c0d4eb982de6055b,3
08751752,08684413,Carillion Private Finance (Health) 2013 Limited,2016-04-06,,false,ownership-of-shares-25-to-50-percent,Private Limited Company,Companies Act 2006,England And Wales,Companies House,corporate-entity-person-with-significant-control,https://api.company-information.service.gov.uk/company/08751752/persons-with-significant-control/corporate-entity/gEPaIYbMCXnQO9wYz7zkqYbv9Uw,f1cd5161911660832eacea6bafe9208dd3424563,3
08751752,08684413,Carillion Private Finance (Health) 2013 Limited,2016-04-06,,false,voting-rights-25-to-50-percent,Private Limited Company,Companies Act 2006,England And Wales,Companies House,corporate-entity-person-with-significant-control,https://api.company-information.service.gov.uk/company/08751752/persons-with-significant-control/corporate-entity/gEPaIYbMCXnQO9wYz7zkqYbv9Uw,f1cd5161911660832eacea6bafe9208dd3424563,3
09822833,09822736,Carillion Private Finance (Health) 2015 Limited,2016-04-06,,false,ownership-of-shares-25-to-50-percent,Private Limited Company,Companies Act 2006,England And Wales,Companies House,corporate-entity-person-with-significant-control,https://api.company-information.service.gov.uk/company/09822833/persons-with-significant-control/corporate-entity/sK4rLcAVnSZPfJ2RK8j2ExdT5gw,94e0ce539ca3faa5a1105ae8f6f6b4541d186aa0,3
09822833,09822736,Carillion Private Finance (Health) 2015 Limited,2016-04-06,,false,voting-rights-25-to-50-percent,Private Limited Company,Companies Act 2006,England And Wales,Companies House,corporate-entity-person-with-significant-control,https://api.company-information.service.gov.uk/company/09822833/persons-with-significant-control/corporate-entity/sK4rLcAVnSZPfJ2RK8j2ExdT5gw,94e0ce539ca3faa5a1105ae8f6f6b4541d186aa0,3
05769525,03858865,Carillion Energy Services Limited,2016-04-06,,false,ownership-of-shares-75-to-100-percent,Private Limited Company,Companies Act 2006,England & Wales,Companies House,corporate-entity-person-with-significant-control,https://api.company-information.service.gov.uk/company/05769525/persons-with-significant-control/corporate-entity/GLVSVrvJWSJdQC7kzSmeYASYTo4,7636c457ac7d76b7d6b32d331443fc501447704e,2
05769525,03858865,Carillion Energy Services Limited,2016-04-06,,false,right-to-appoint-and-remove-directors,Private Limited Company,Companies Act 2006,England & Wales,Companies House,corporate-entity-person-with-significant-control,https://api.company-information.service.gov.uk/company/05769525/persons-with-significant-control/corporate-entity/GLVSVrvJWSJdQC7kzSmeYASYTo4,7636c457ac7d76b7d6b32d331443fc501447704e,2
05769525,03858865,Carillion Energy Services Limited,2016-04-06,,false,voting-rights-75-to-100-percent,Private Limited Company,Companies Act 2006,England & Wales,Companies House,corporate-entity-person-with-significant-control,https://api.company-information.service.gov.uk/company/05769525/persons-with-significant-control/corporate-entity/GLVSVrvJWSJdQC7kzSmeYASYTo4,7636c457ac7d76b7d6b32d331443fc501447704e,2
01273373,01808326,Am Nominees Limited,2016-04-06,,false,ownership-of-shares-75-to-100-percent,Private Limited Company,Companies Act 2006,England,Companies House,corporate-entity-person-with-significant-control,https://api.company-information.service.gov.uk/company/01273373/persons-with-significant-control/corporate-entity/VDkCXRke3SldBF1GWf4y6hg6Dzg,3f1c24c53c0652b27043b440de4f95e26c23b8c3,3
01273373,01808326,Am Nominees Limited,2016-04-06,,false,right-to-appoint-and-remove-directors,Private Limited Company,Companies Act 2006,England,Companies House,corporate-entity-person-with-significant-control,https://api.company-information.service.gov.uk/company/01273373/persons-with-significant-control/corporate-entity/VDkCXRke3SldBF1GWf4y6hg6Dzg,3f1c24c53c0652b27043b440de4f95e26c23b8c3,3
01273373,01808326,Am Nominees Limited,2016-04-06,,false,voting-rights-75-to-100-percent,Private Limited Company,Companies Act 2006,England,Companies House,corporate-entity-person-with-significant-control,https://api.company-information.service.gov.uk/company/01273373/persons-with-significant-control/corporate-entity/VDkCXRke3SldBF1GWf4y6hg6Dzg,3f1c24c53c0652b27043b440de4f95e26c23b8c3,3
05848066,01685693,Carillion Am Developments Limited,2018-02-22,2018-03-07,true,ownership-of-shares-75-to-100-percent,Limited By Shares,United Kingdom (England),England,Companies House,corporate-entity-person-with-significant-control,https://api.company-information.service.gov.uk/company/05848066/persons-with-significant-control/corporate-entity/NpnByHzmpcEPHYGslwsF5acrhS4,4d7528a40757e2cce1168d5441270f7a26dba48a,3
05848066,01685693,Carillion Am Developments Limited,2018-02-22,2018-03-07,true,voting-rights-75-to-100-percent,Limited By Shares,United Kingdom (England),England,Companies House,corporate-entity-person-with-significant-control,https://api.company-information.service.gov.uk/company/05848066/persons-with-significant-control/corporate-entity/NpnByHzmpcEPHYGslwsF5acrhS4,4d7528a40757e2cce1168d5441270f7a26dba48a,3
02489314,00594581,Carillion Construction Limited,2016-04-06,,false,ownership-of-shares-75-to-100-percent,Private Limited Company,Companies Act 2006,England & Wales,Companies House,corporate-entity-person-with-significant-control,https://api.company-information.service.gov.uk/company/02489314/persons-with-significant-control/corporate-entity/6tpgOEE0L7PD6ePdtlonjVt3vuc,1a8e60fd9945051fbeed097c0284268f0821a5a7,2
02489314,00594581,Carillion Construction Limited,2016-04-06,,false,right-to-appoint-and-remove-directors,Private Limited Company,Companies Act 2006,England & Wales,Companies House,corporate-entity-person-with-significant-control,https://api.company-information.service.gov.uk/company/02489314/persons-with-significant-control/corporate-entity/6tpgOEE0L7PD6ePdtlonjVt3vuc,1a8e60fd9945051fbeed097c0284268f0821a5a7,2
02489314,00594581,Carillion Construction Limited,2016-04-06,,false,voting-rights-75-to-100-percent,Private Limited Company,Companies Act 2006,England & Wales,Companies House,corporate-entity-person-with-significant-control,https://api.company-information.service.gov.uk/company/02489314/persons-with-significant-control/corporate-entity/6tpgOEE0L7PD6ePdtlonjVt3vuc,1a8e60fd9945051fbeed097c0284268f0821a5a7,2
05477550,01685693,Carillion Am Developments Limited,2018-02-22,2018-03-07,true,ownership-of-shares-75-to-100-percent,Limited By Shares,United Kingdom (England),England,Companies House,corporate-entity-person-with-significant-control,https://api.company-information.service.gov.uk/company/05477550/persons-with-significant-control/corporate-entity/PAm__beq5QBbGFP7C7mrOnRStPM,acf1fa43aeeff10256bd113017eab298e6eabc11,3
05477550,01685693,Carillion Am Developments Limited,2018-02-22,2018-03-07,true,voting-rights-75-to-100-percent,Limited By Shares,United Kingdom (England),England,Companies House,corporate-entity-person-with-significant-control,https://api.company-information.service.gov.uk/company/05477550/persons-with-significant-control/corporate-entity/PAm__beq5QBbGFP7C7mrOnRStPM,acf1fa43aeeff10256bd113017eab298e6eabc11,3
14419831,07211684,Pfp-Igloo (General Partner) Limited In Its Capacity As General Partner For And On Behalf Of Pfp-Igloo Limited Partnership,2022-10-14,,false,ownership-of-shares-25-to-50-percent,Limited Company,Companies Act 2006,England,Companies House,corporate-entity-person-with-significant-control,https://api.company-information.service.gov.uk/company/14419831/persons-with-significant-control/corporate-entity/MZnTy_eTw9OCiWSxPlwXx1TIiEQ,dce8baf85d3aad8107ac3a7cbda945fdcfc3c4fe,3
14419831,07211684,Pfp-Igloo (General Partner) Limited In Its Capacity As General Partner For And On Behalf Of Pfp-Igloo Limited Partnership,2022-10-14,,false,voting-rights-25-to-50-percent,Limited Company,Companies Act 2006,England,Companies House,corporate-entity-person-with-significant-control,https://api.company-information.service.gov.uk/company/14419831/persons-with-significant-control/corporate-entity/MZnTy_eTw9OCiWSxPlwXx1TIiEQ,dce8baf85d3aad8107ac3a7cbda945fdcfc3c4fe,3
03256112,00594581,Carillion Construction Limited,2016-04-06,,false,ownership-of-shares-75-to-100-percent,Private Limited Company,Companies Act 2006,England,Companies House,corporate-entity-person-with-significant-control,https://api.company-information.service.gov.uk/company/03256112/persons-with-significant-control/corporate-entity/RfqGJ_6U_kPEOAcVXL1Yk60cFIo,133736ae62a870dde0366b4fe6eab08df706c823,2
03256112,00594581,Carillion Construction Limited,2016-04-06,,false,right-to-appoint-and-remove-directors,Private Limited Company,Companies Act 2006,England,Companies House,corporate-entity-person-with-significant-control,https://api.company-information.service.gov.uk/company/03256112/persons-with-significant-control/corporate-entity/RfqGJ_6U_kPEOAcVXL1Yk60cFIo,133736ae62a870dde0366b4fe6eab08df706c823,2
03256112,00594581,Carillion Construction Limited,2016-04-06,,false,voting-rights-75-to-100-percent,Private Limited Company,Companies Act 2006,England,Companies House,corporate-entity-person-with-significant-control,https://api.company-information.service.gov.uk/company/03256112/persons-with-significant-control/corporate-entity/RfqGJ_6U_kPEOAcVXL1Yk60cFIo,133736ae62a870dde0366b4fe6eab08df706c823,2
08114163,08113991,Amber Lep Investments Limited,2016-04-06,,false,ownership-of-shares-75-to-100-percent,Private Limited Company,Companies Act 2006,England,Companies House,corporate-entity-person-with-significant-control,https://api.company-information.service.gov.uk/company/08114163/persons-with-significant-control/corporate-entity/yAUacgB2fh3hv-r5QlASC5BeKB4,9aaf9d1fb0349d04b1e14b9d4dee809c77c105e1,3
08114163,08113991,Amber Lep Investments Limited,2016-04-06,,false,voting-rights-75-to-100-percent,Private Limited Company,Companies Act 2006,England,Companies House,corporate-entity-person-with-significant-control,https://api.company-information.service.gov.uk/company/08114163/persons-with-significant-control/corporate-entity/yAUacgB2fh3hv-r5QlASC5BeKB4,9aaf9d1fb0349d04b1e14b9d4dee809c77c105e1,3
08684413,02997859,Carillion Private Finance Limited,2016-04-06,,false,ownership-of-shares-75-to-100-percent,Private Limited Company,Companies Act 2006,England,Companies House,corporate-entity-person-with-significant-control,https://api.company-information.service.gov.uk/company/08684413/persons-with-significant-control/corporate-entity/pcB_Zqgr7uZk2ZGr_EKDI1mX3E4,5a00a9da456cca2628352d267bd97eab0f07fee2,2
08684413,02997859,Carillion Private Finance Limited,2016-04-06,,false,right-to-appoint-and-remove-directors,Private Limited Company,Companies Act 2006,England,Companies House,corporate-entity-person-with-significant-control,https://api.company-information.service.gov.uk/company/08684413/persons-with-significant-control/corporate-entity/pcB_Zqgr7uZk2ZGr_EKDI1mX3E4,5a00a9da456cca2628352d267bd97eab0f07fee2,2
08684413,02997859,Carillion Private Finance Limited,2016-04-06,,false,voting-rights-75-to-100-percent,Private Limited Company,Companies Act 2006,England,Companies House,corporate-entity-person-with-significant-control,https://api.company-information.service.gov.uk/company/08684413/persons-with-significant-control/corporate-entity/pcB_Zqgr7uZk2ZGr_EKDI1mX3E4,5a00a9da456cca2628352d267bd97eab0f07fee2,2
00662675,01367044,Carillion (Am) Limited,2016-04-06,,false,ownership-of-shares-75-to-100-percent,Private Limited Company,Companies Act 2006,England & Wales,Companies House,corporate-entity-person-with-significant-control,https://api.company-information.service.gov.uk/company/00662675/persons-with-significant-control/corporate-entity/5kdpKtfK8fUUG58ci-QeOZU2mSU,22ec9eec1d6d84f768be7813653162bd44304e25,2
00662675,01367044,Carillion (Am) Limited,2016-04-06,,false,right-to-appoint-and-remove-directors,Private Limited Company,Companies Act 2006,England & Wales,Companies House,corporate-entity-person-with-significant-control,https://api.company-information.service.gov.uk/company/00662675/persons-with-significant-control/corporate-entity/5kdpKtfK8fUUG58ci-QeOZU2mSU,22ec9eec1d6d84f768be7813653162bd44304e25,2
00662675,01367044,Carillion (Am) Limited,2016-04-06,,false,voting-rights-75-to-100-percent,Private Limited Company,Companies Act 2006,England & Wales,Companies House,corporate-entity-person-with-significant-control,https://api.company-information.service.gov.uk/company/00662675/persons-with-significant-control/corporate-entity/5kdpKtfK8fUUG58ci-QeOZU2mSU,22ec9eec1d6d84f768be7813653162bd44304e25,2
01367044,03782379,Carillion Plc,2016-04-06,,false,ownership-of-shares-75-to-100-percent,Public Limited Company,Companies Act 2006,England & Wales,Companies House,corporate-entity-person-with-significant-control,https://api.company-information.service.gov.uk/company/01367044/persons-with-significant-control/corporate-entity/Fy2Botg_w7rW-v5SIQehRx9OyFY,52f14c52861aac7bea8d93ffabee3e37670f5f33,1
01367044,03782379,Carillion Plc,2016-04-06,,false,right-to-appoint-and-remove-directors,Public Limited Company,Companies Act 2006,England & Wales,Companies House,corporate-entity-person-with-significant-control,https://api.company-information.service.gov.uk/company/01367044/persons-with-significant-control/corporate-entity/Fy2Botg_w7rW-v5SIQehRx9OyFY,52f14c52861aac7bea8d93ffabee3e37670f5f33,1
01367044,03782379,Carillion Plc,2016-04-06,,false,voting-rights-75-to-100-percent,Public Limited Company,Companies Act 2006,England & Wales,Companies House,corporate-entity-person-with-significant-control,https://api.company-information.service.gov.uk/company/01367044/persons-with-significant-control/corporate-entity/Fy2Botg_w7rW-v5SIQehRx9OyFY,52f14c52861aac7bea8d93ffabee3e37670f5f33,1
00885404,01367044,Carillion (Am) Limited,2016-04-06,,false,ownership-of-shares-75-to-100-percent,Private Limited Company,Companies Act 2006,England & Wales,Companies House,corporate-entity-person-with-significant-control,https://api.company-information.service.gov.uk/company/00885404/persons-with-significant-control/corporate-entity/_xdXwFC2y0LA6d0SNhMRyh10oq8,f5f2fd51d5c805bdf0d71714998f8fde3fb6d880,2
00885404,01367044,Carillion (Am) Limited,2016-04-06,,false,right-to-appoint-and-remove-directors,Private Limited Company,Companies Act 2006,England & Wales,Companies House,corporate-entity-person-with-significant-control,https://api.company-information.service.gov.uk/company/00885404/persons-with-significant-control/corporate-entity/_xdXwFC2y0LA6d0SNhMRyh10oq8,f5f2fd51d5c805bdf0d71714998f8fde3fb6d880,2
00885404,01367044,Carillion (Am) Limited,2016-04-06,,false,voting-rights-75-to-100-percent,Private Limited Company,Companies Act 2006,England & Wales,Companies House,corporate-entity-person-with-significant-control,https://api.company-information.service.gov.uk/company/00885404/persons-with-significant-control/corporate-entity/_xdXwFC2y0LA6d0SNhMRyh10oq8,f5f2fd51d5c805bdf0d71714998f8fde3fb6d880,2
09684392,02997859,Carillion Private Finance Limited,2016-04-06,,false,ownership-of-shares-75-to-100-percent,Private Limited Company,Companies Act 2006,England,Companies House,corporate-entity-person-with-significant-control,https://api.company-information.service.gov.uk/company/09684392/persons-with-significant-control/corporate-entity/4Jt-R4oPi_xP-9yOGck6KlbVrN4,2ee403d1b0478d207a45a5acddc24df3b8a3e843,2
09684392,02997859,Carillion Private Finance Limited,2016-04-06,,false,right-to-appoint-and-remove-directors,Private Limited Company,Companies Act 2006,England,Companies House,corporate-entity-person-with-significant-control,https://api.company-information.service.gov.uk/company/09684392/persons-with-significant-control/corporate-entity/4Jt-R4oPi_xP-9yOGck6KlbVrN4,2ee403d1b0478d207a45a5acddc24df3b8a3e843,2
09684392,02997859,Carillion Private Finance Limited,2016-04-06,,false,voting-rights-75-to-100-percent,Private Limited Company,Companies Act 2006,England,Companies House,corporate-entity-person-with-significant-control,https://api.company-information.service.gov.uk/company/09684392/persons-with-significant-control/corporate-entity/4Jt-R4oPi_xP-9yOGck6KlbVrN4,2ee403d1b0478d207a45a5acddc24df3b8a3e843,2
00247624,01367044,Carillion (Am) Limited,2016-04-06,,false,ownership-of-shares-75-to-100-percent,Private Limited Company,Companies Act 2006,England & Wales,Companies House,corporate-entity-person-with-significant-control,https://api.company-information.service.gov.uk/company/00247624/persons-with-significant-control/corporate-entity/Qg5wy5mD2MRTNYt8y35e3rdSxw8,f51b7cc342f6e55dbf254a5e27cf23d2a2200222,2
00247624,01367044,Carillion (Am) Limited,2016-04-06,,false,right-to-appoint-and-remove-directors,Private Limited Company,Companies Act 2006,England & Wales,Companies House,corporate-entity-person-with-significant-control,https://api.company-information.service.gov.uk/company/00247624/persons-with-significant-control/corporate-entity/Qg5wy5mD2MRTNYt8y35e3rdSxw8,f51b7cc342f6e55dbf254a5e27cf23d2a2200222,2
00247624,01367044,Carillion (Am) Limited,2016-04-06,,false,voting-rights-75-to-100-percent,Private Limited Company,Companies Act 2006,England & Wales,Companies House,corporate-entity-person-with-significant-control,https://api.company-information.service.gov.uk/company/00247624/persons-with-significant-control/corporate-entity/Qg5wy5mD2MRTNYt8y35e3rdSxw8,f51b7cc342f6e55dbf254a5e27cf23d2a2200222,2
01052014,03858865,Carillion Energy Services Limited,2016-04-06,,false,ownership-of-shares-75-to-100-percent,Private Limited Company,Companies Act 2006,England & Wales,Companies House,corporate-entity-person-with-significant-control,https://api.company-information.service.gov.uk/company/01052014/persons-with-significant-control/corporate-entity/Lf-NtY0_QfdyYwLCpWGIW-IUAZc,229c7931701e128a5b075d9f6d55431c164ef417,2
01052014,03858865,Carillion Energy Services Limited,2016-04-06,,false,right-to-appoint-and-remove-directors,Private Limited Company,Companies Act 2006,England & Wales,Companies House,corporate-entity-person-with-significant-control,https://api.company-information.service.gov.uk/company/01052014/persons-with-significant-control/corporate-entity/Lf-NtY0_QfdyYwLCpWGIW-IUAZc,229c7931701e128a5b075d9f6d55431c164ef417,2
01052014,03858865,Carillion Energy Services Limited,2016-04-06,,false,voting-rights-75-to-100-percent,Private Limited Company,Companies Act 2006,England & Wales,Companies House,corporate-entity-person-with-significant-control,https://api.company-information.service.gov.uk/company/01052014/persons-with-significant-control/corporate-entity/Lf-NtY0_QfdyYwLCpWGIW-IUAZc,229c7931701e128a5b075d9f6d55431c164ef417,2
07211684,00594581,Carillion Construction Limited,2016-04-06,2018-02-07,true,ownership-of-shares-25-to-50-percent,Private Limited Company,Companies Act 2006,England & Wales,Companies House,corporate-entity-person-with-significant-control,https://api.company-information.service.gov.uk/company/07211684/persons-with-significant-control/corporate-entity/ZWl-0uWA2WXBiluLBHe88ePMgHA,f2768b96b84a3235ad54849e2813511204619062,2
07211684,00594581,Carillion Construction Limited,2016-04-06,2018-02-07,true,voting-rights-25-to-50-percent,Private Limited Company,Companies Act 2006,England & Wales,Companies House,corporate-entity-person-with-significant-control,https://api.company-information.service.gov.uk/company/07211684/persons-with-significant-control/corporate-entity/ZWl-0uWA2WXBiluLBHe88ePMgHA,f2768b96b84a3235ad54849e2813511204619062,2
01686252,03858865,Carillion Energy Services Limited,2016-04-06,,false,ownership-of-shares-75-to-100-percent,Private Limited Company,Companies Act 2006,England,Companies House,corporate-entity-person-with-significant-control,https://api.company-information.service.gov.uk/company/01686252/persons-with-significant-control/corporate-entity/mbYge_jWq1Ev9KeIuk7nnOUzeCE,74ab7924dd7ec16aa0140d5679501fbc185058ee,2
01686252,03858865,Carillion Energy Services Limited,2016-04-06,,false,right-to-appoint-and-remove-directors,Private Limited Company,Companies Act 2006,England,Companies House,corporate-entity-person-with-significant-control,https://api.company-information.service.gov.uk/company/01686252/persons-with-significant-control/corporate-entity/mbYge_jWq1Ev9KeIuk7nnOUzeCE,74ab7924dd7ec16aa0140d5679501fbc185058ee,2
01686252,03858865,Carillion Energy Services Limited,2016-04-06,,false,voting-rights-75-to-100-percent,Private Limited Company,Companies Act 2006,England,Companies House,corporate-entity-person-with-significant-control,https://api.company-information.service.gov.uk/company/01686252/persons-with-significant-control/corporate-entity/mbYge_jWq1Ev9KeIuk7nnOUzeCE,74ab7924dd7ec16aa0140d5679501fbc185058ee,2
05554245,07410965,Wattbike (Holdings) Limited,2016-04-06,,false,ownership-of-shares-75-to-100-percent,Limited By Shares,Companies Act,United Kingdom,Companies House,corporate-entity-person-with-significant-control,https://api.company-information.service.gov.uk/company/05554245/persons-with-significant-control/corporate-entity/1qx4FJRtE_BtXrwiu-07DCvDyEE,94053c04a967ed7245db336a13055abf6e23ded5,5
05554245,07410965,Wattbike (Holdings) Limited,2016-04-06,,false,right-to-appoint-and-remove-directors,Limited By Shares,Companies Act,United Kingdom,Companies House,corporate-entity-person-with-significant-control,https://api.company-information.service.gov.uk/company/05554245/persons-with-significant-control/corporate-entity/1qx4FJRtE_BtXrwiu-07DCvDyEE,94053c04a967ed7245db336a13055abf6e23ded5,5
05554245,07410965,Wattbike (Holdings) Limited,2016-04-06,,false,voting-rights-75-to-100-percent,Limited By Shares,Companies Act,United Kingdom,Companies House,corporate-entity-person-with-significant-control,https://api.company-information.service.gov.uk/company/05554245/persons-with-significant-control/corporate-entity/1qx4FJRtE_BtXrwiu-07DCvDyEE,94053c04a967ed7245db336a13055abf6e23ded5,5
02995513,03126198,Gt Railway Maintenance Holdings Limited,2016-04-06,,false,ownership-of-shares-75-to-100-percent,Limited By Shares,Companies Act 2006,England & Wales,Companies House,corporate-entity-person-with-significant-control,https://api.company-information.service.gov.uk/company/02995513/persons-with-significant-control/corporate-entity/cW633nXKhcS6ua-Dm47T81qoo1I,9e518d85c886a2cfc8a0ffb6f6e7e079a84ceb50,2
02995513,03126198,Gt Railway Maintenance Holdings Limited,2016-04-06,,false,right-to-appoint-and-remove-directors,Limited By Shares,Companies Act 2006,England & Wales,Companies House,corporate-entity-person-with-significant-control,https://api.company-information.service.gov.uk/company/02995513/persons-with-significant-control/corporate-entity/cW633nXKhcS6ua-Dm47T81qoo1I,9e518d85c886a2cfc8a0ffb6f6e7e079a84ceb50,2
02995513,03126198,Gt Railway Maintenance Holdings Limited,2016-04-06,,false,voting-rights-75-to-100-percent,Limited By Shares,Companies Act 2006,England & Wales,Companies House,corporate-entity-person-with-significant-control,https://api.company-information.service.gov.uk/company/02995513/persons-with-significant-control/corporate-entity/cW633nXKhcS6ua-Dm47T81qoo1I,9e518d85c886a2cfc8a0ffb6f6e7e079a84ceb50,2
09799665,01469541,Carillion (Maple Oak) Limited,2016-04-06,2017-12-08,true,ownership-of-shares-25-to-50-percent,Private Limited Company,Companies Act 2006,England And Wales,Companies House,corporate-entity-person-with-significant-control,https://api.company-information.service.gov.uk/company/09799665/persons-with-significant-control/corporate-entity/FNIbyfj6ZetNT6Of8J5iniA0dmw,3d23c7bd3a1e2d3c41353352a5ce7f2ba45467a6,3
09799665,01469541,Carillion (Maple Oak) Limited,2016-04-06,2017-12-08,true,voting-rights-25-to-50-percent,Private Limited Company,Companies Act 2006,England And Wales,Companies House,corporate-entity-person-with-significant-control,https://api.company-information.service.gov.uk/company/09799665/persons-with-significant-control/corporate-entity/FNIbyfj6ZetNT6Of8J5iniA0dmw,3d23c7bd3a1e2d3c41353352a5ce7f2ba45467a6,3
04135060,02217605,Sovereign Harbour Limited,2016-04-06,,false,ownership-of-shares-75-to-100-percent,Private Limited Company,Companies Act 2006,England & Wales,Companies House,corporate-entity-person-with-significant-control,https://api.company-information.service.gov.uk/company/04135060/persons-with-significant-control/corporate-entity/xQVKKDjocFXf1pMv71Q07zvL2LI,3490bf68b5657bf5f8c552900742f2b6f8595da2,3
04135060,02217605,Sovereign Harbour Limited,2016-04-06,,false,right-to-appoint-and-remove-directors,Private Limited Company,Companies Act 2006,England & Wales,Companies House,corporate-entity-person-with-significant-control,https://api.company-information.service.gov.uk/company/04135060/persons-with-significant-control/corporate-entity/xQVKKDjocFXf1pMv71Q07zvL2LI,3490bf68b5657bf5f8c552900742f2b6f8595da2,3
04135060,02217605,Sovereign Harbour Limited,2016-04-06,,false,voting-rights-75-to-100-percent,Private Limited Company,Companies Act 2006,England & Wales,Companies House,corporate-entity-person-with-significant-control,https://api.company-information.service.gov.uk/company/04135060/persons-with-significant-control/corporate-entity/xQVKKDjocFXf1pMv71Q07zvL2LI,3490bf68b5657bf5f8c552900742f2b6f8595da2,3
02574820,00594581,Carillion Construction Limited,2016-04-06,,false,ownership-of-shares-75-to-100-percent,Private Limited Company,Companies Act 2006,England & Wales,Companies House,corporate-entity-person-with-significant-control,https://api.company-information.service.gov.uk/company/02574820/persons-with-significant-control/corporate-entity/1vOBarQSJ3xwpGWHAmjLAC-JeFc,c3b1c15aae54376ed219caed3a14c64fdf7d5ca4,2
02574820,00594581,Carillion Construction Limited,2016-04-06,,false,right-to-appoint-and-remove-directors,Private Limited Company,Companies Act 2006,England & Wales,Companies House,corporate-entity-person-with-significant-control,https://api.company-information.service.gov.uk/company/02574820/persons-with-significant-control/corporate-entity/1vOBarQSJ3xwpGWHAmjLAC-JeFc,c3b1c15aae54376ed219caed3a14c64fdf7d5ca4,2
02574820,00594581,Carillion Construction Limited,2016-04-06,,false,voting-rights-75-to-100-percent,Private Limited Company,Companies Act 2006,England & Wales,Companies House,corporate-entity-person-with-significant-control,https://api.company-information.service.gov.uk/company/02574820/persons-with-significant-control/corporate-entity/1vOBarQSJ3xwpGWHAmjLAC-JeFc,c3b1c15aae54376ed219caed3a14c64fdf7d5ca4,2
06190456,00594581,Carillion Construction Limited,2016-04-06,,false,ownership-of-shares-75-to-100-percent,Private Limited Company,Companies Act 2006,England & Wales,Companies House,corporate-entity-person-with-significant-control,https://api.company-information.service.gov.uk/company/06190456/persons-with-significant-control/corporate-entity/Ws503wt5gm2tnJhwWKJaVYeybxo,04dd1c87ac5bce8239217211b19bbed3816a3aa8,2
06190456,00594581,Carillion Construction Limited,2016-04-06,,false,right-to-appoint-and-remove-directors,Private Limited Company,Companies Act 2006,England & Wales,Companies House,corporate-entity-person-with-significant-control,https://api.company-information.service.gov.uk/company/06190456/persons-with-significant-control/corporate-entity/Ws503wt5gm2tnJhwWKJaVYeybxo,04dd1c87ac5bce8239217211b19bbed3816a3aa8,2
06190456,00594581,Carillion Construction Limited,2016-04-06,,false,voting-rights-75-to-100-percent,Private Limited Company,Companies Act 2006,England & Wales,Companies House,corporate-entity-person-with-significant-control,https://api.company-information.service.gov.uk/company/06190456/persons-with-significant-control/corporate-entity/Ws503wt5gm2tnJhwWKJaVYeybxo,04dd1c87ac5bce8239217211b19bbed3816a3aa8,2
07411085,07410965,Wattbike (Holdings) Limited,2016-04-06,,false,ownership-of-shares-75-to-100-percent,Limited By Shares,Companies Act,United Kingdom,Companies House,corporate-entity-person-with-significant-control,https://api.company-information.service.gov.uk/company/07411085/persons-with-significant-control/corporate-entity/ON1TOGmN1QJY2q-DULiWD0Q7pRY,7970e17d79ffb5a8bebbef2955e2982eada3cbd1,5
07411085,07410965,Wattbike (Holdings) Limited,2016-04-06,,false,right-to-appoint-and-remove-directors,Limited By Shares,Companies Act,United Kingdom,Companies House,corporate-entity-person-with-significant-control,https://api.company-information.service.gov.uk/company/07411085/persons-with-significant-control/corporate-entity/ON1TOGmN1QJY2q-DULiWD0Q7pRY,7970e17d79ffb5a8bebbef2955e2982eada3cbd1,5
07411085,07410965,Wattbike (Holdings) Limited,2016-04-06,,false,voting-rights-75-to-100-percent,Limited By Shares,Companies Act,United Kingdom,Companies House,corporate-entity-person-with-significant-control,https://api.company-information.service.gov.uk/company/07411085/persons-with-significant-control/corporate-entity/ON1TOGmN1QJY2q-DULiWD0Q7pRY,7970e17d79ffb5a8bebbef2955e2982eada3cbd1,5
OC307955,00416147,Raine Limited,2016-04-06,,false,significant-influence-or-control-limited-liability-partnership,Private Limited Company,Companies Act 2006,England And Wales,Companies House,corporate-entity-person-with-significant-control,https://api.company-information.service.gov.uk/company/OC307955/persons-with-significant-control/corporate-entity/4CfaBYGrAJNQAD29CzgSJ3UvgcU,8d6f12eac178b66825b28b16336b0bf5e870575b,3
OC307955,02217605,Sovereign Harbour Limited,2016-04-06,,false,significant-influence-or-control-limited-liability-partnership,Private Limited Company,Companies Act 2006,England And Wales,Companies House,corporate-entity-person-with-significant-control,https://api.company-information.service.gov.uk/company/OC307955/persons-with-significant-control/corporate-entity/-cMbnldugYqEJSBVrAiqbK_Z8ko,08e6293c312e8ae673d630c7d0ee507a5f9bd87e,3
09598495,09598536,Psbp Midlands (Holdings) Limited,2016-04-06,,false,ownership-of-shares-75-to-100-percent,Private Limited Company,Companies Act 2006,England & Wales,Companies House,corporate-entity-person-with-significant-control,https://api.company-information.service.gov.uk/company/09598495/persons-with-significant-control/corporate-entity/R8BEHZZbP6jYND4FSFQ8LYuQO5Q,f4415215f25950c370e64703afb21f645b8e2c4e,4
09598495,09598536,Psbp Midlands (Holdings) Limited,2016-04-06,,false,voting-rights-75-to-100-percent,Private Limited Company,Companies Act 2006,England & Wales,Companies House,corporate-entity-person-with-significant-control,https://api.company-information.service.gov.uk/company/09598495/persons-with-significant-control/corporate-entity/R8BEHZZbP6jYND4FSFQ8LYuQO5Q,f4415215f25950c370e64703afb21f645b8e2c4e,4
02217605,00594581,Carillion Construction Limited,2016-04-06,2018-12-12,true,ownership-of-shares-75-to-100-percent,Private Limited Company,Companies Act 2006,England & Wales,Companies House,corporate-entity-person-with-significant-control,https://api.company-information.service.gov.uk/company/02217605/persons-with-significant-control/corporate-entity/DKpPhswvh0vnabgBQmpEMS6hF38,c0534ff7701f35570a5c4dfef540aa0b9c3d3cf3,2
02217605,00594581,Carillion Construction Limited,2016-04-06,2018-12-12,true,right-to-appoint-and-remove-directors,Private Limited Company,Companies Act 2006,England & Wales,Companies House,corporate-entity-person-with-significant-control,https://api.company-information.service.gov.uk/company/02217605/persons-with-significant-control/corporate-entity/DKpPhswvh0vnabgBQmpEMS6hF38,c0534ff7701f35570a5c4dfef540aa0b9c3d3cf3,2
02217605,00594581,Carillion Construction Limited,2016-04-06,2018-12-12,true,voting-rights-75-to-100-percent,Private Limited Company,Companies Act 2006,England & Wales,Companies House,corporate-entity-person-with-significant-control,https://api.company-information.service.gov.uk/company/02217605/persons-with-significant-control/corporate-entity/DKpPhswvh0vnabgBQmpEMS6hF38,c0534ff7701f35570a5c4dfef540aa0b9c3d3cf3,2
02191494,03858865,Carillion Energy Services Limited,2016-04-06,,false,ownership-of-shares-75-to-100-percent,Private Limited Company,Companies Act 2006,England & Wales,Companies House,corporate-entity-person-with-significant-control,https://api.company-information.service.gov.uk/company/02191494/persons-with-significant-control/corporate-entity/p3MzsYmeVIvZBALZlr1tb16Nr34,71682d7d93eb4067c63f7c8635cf5a98ef254e5a,2
02191494,03858865,Carillion Energy Services Limited,2016-04-06,,false,voting-rights-75-to-100-percent,Private Limited Company,Companies Act 2006,England & Wales,Companies House,corporate-entity-person-with-significant-control,https://api.company-information.service.gov.uk/company/02191494/persons-with-significant-control/corporate-entity/p3MzsYmeVIvZBALZlr1tb16Nr34,71682d7d93eb4067c63f7c8635cf5a98ef254e5a,2
03858865,03782379,Carillion Plc,2016-04-06,,false,ownership-of-shares-75-to-100-percent,Public Limited Company,Companies Act 2006,England & Wales,Companies House,corporate-entity-person-with-significant-control,https://api.company-information.service.gov.uk/company/03858865/persons-with-significant-control/corporate-entity/Z1PIA2GA4S3Kee9HOHDzUK9ip-4,6e3d372b440b043f3117b24fc9155f2d522aa4d1,1
03858865,03782379,Carillion Plc,2016-04-06,,false,right-to-appoint-and-remove-directors,Public Limited Company,Companies Act 2006,England & Wales,Companies House,corporate-entity-person-with-significant-control,https://api.company-information.service.gov.uk/company/03858865/persons-with-significant-control/corporate-entity/Z1PIA2GA4S3Kee9HOHDzUK9ip-4,6e3d372b440b043f3117b24fc9155f2d522aa4d1,1
03858865,03782379,Carillion Plc,2016-04-06,,false,voting-rights-75-to-100-percent,Public Limited Company,Companies Act 2006,England & Wales,Companies House,corporate-entity-person-with-significant-control,https://api.company-information.service.gov.uk/company/03858865/persons-with-significant-control/corporate-entity/Z1PIA2GA4S3Kee9HOHDzUK9ip-4,6e3d372b440b043f3117b24fc9155f2d522aa4d1,1
OC448240,OC402027,The Arlington Richardson Development Partnership Llp,2023-07-24,,false,voting-rights-75-to-100-percent-limited-liability-partnership,Limited Partnership,Limited Liability Partnerships Act 2000,England,England,corporate-entity-person-with-significant-control,https://api.company-information.service.gov.uk/company/OC448240/persons-with-significant-control/corporate-entity/i9yZW5aNtNaLOTzoWrQBR-OVqRA,7b1754801caf54038a6957db225c490bfaa0fa01,4
12698832,08084031,Ask Real Estate Limited,2020-06-26,,false,ownership-of-shares-75-to-100-percent,Private Company Limited By Shares,Companies Act 2006,United Kingdom,Uk Register Of Companies,corporate-entity-person-with-significant-control,https://api.company-information.service.gov.uk/company/12698832/persons-with-significant-control/corporate-entity/x7W7HEqHYJil0NJJ4yJedUXfqFY,771adbe406e116470f3d2345ef80472ec73b7628,3
12698832,08084031,Ask Real Estate Limited,2020-06-26,,false,right-to-appoint-and-remove-directors,Private Company Limited By Shares,Companies Act 2006,United Kingdom,Uk Register Of Companies,corporate-entity-person-with-significant-control,https://api.company-information.service.gov.uk/company/12698832/persons-with-significant-control/corporate-entity/x7W7HEqHYJil0NJJ4yJedUXfqFY,771adbe406e116470f3d2345ef80472ec73b7628,3
12698832,08084031,Ask Real Estate Limited,2020-06-26,,false,voting-rights-75-to-100-percent,Private Company Limited By Shares,Companies Act 2006,United Kingdom,Uk Register Of Companies,corporate-entity-person-with-significant-control,https://api.company-information.service.gov.uk/company/12698832/persons-with-significant-control/corporate-entity/x7W7HEqHYJil0NJJ4yJedUXfqFY,771adbe406e116470f3d2345ef80472ec73b7628,3
02556935,00594581,Carillion Construction Limited,2016-04-06,,false,ownership-of-shares-25-to-50-percent,Private Limited Company,Companies Act 2006,England And Wales,Companies House,corporate-entity-person-with-significant-control,https://api.company-information.service.gov.uk/company/02556935/persons-with-significant-control/corporate-entity/CexzU6DKmYPGlCMqjgC_ivAbbrg,086584a15c130b070b3c091be6c2f75c02c7e781,2
02556935,00594581,Carillion Construction Limited,2016-04-06,,false,voting-rights-25-to-50-percent,Private Limited Company,Companies Act 2006,England And Wales,Companies House,corporate-entity-person-with-significant-control,https://api.company-information.service.gov.uk/company/02556935/persons-with-significant-control/corporate-entity/CexzU6DKmYPGlCMqjgC_ivAbbrg,086584a15c130b070b3c091be6c2f75c02c7e781,2
02556935,03787277,Carillion Nominees Limited,2016-04-06,,false,ownership-of-shares-25-to-50-percent,Private Limited Company,Companies Act 2006,England And Wales,Companies House,corporate-entity-person-with-significant-control,https://api.company-information.service.gov.uk/company/02556935/persons-with-significant-control/corporate-entity/7ObHClQnYo47mk3BkgeNQY1XY5c,5d19b70f42edab8a0903993b3e0b3595b34f8c83,2
02556935,03787277,Carillion Nominees Limited,2016-04-06,,false,voting-rights-25-to-50-percent,Private Limited Company,Companies Act 2006,England And Wales,Companies House,corporate-entity-person-with-significant-control,https://api.company-information.service.gov.uk/company/02556935/persons-with-significant-control/corporate-entity/7ObHClQnYo47mk3BkgeNQY1XY5c,5d19b70f42edab8a0903993b3e0b3595b34f8c83,2
02995364,00594581,Carillion Construction Limited,2016-04-06,,false,ownership-of-shares-75-to-100-percent,Private Limited Company,Companies Act 2006,England And Wales,Companies House,corporate-entity-person-with-significant-control,https://api.company-information.service.gov.uk/company/02995364/persons-with-significant-control/corporate-entity/_Mgz4W750OtYCNDqZrzIwDM1Tng,d6decaa984c9fa8445bf60845ee4c69ed336cf2a,2
02995364,00594581,Carillion Construction Limited,2016-04-06,,false,right-to-appoint-and-remove-directors,Private Limited Company,Companies Act 2006,England And Wales,Companies House,corporate-entity-person-with-significant-control,https://api.company-information.service.gov.uk/company/02995364/persons-with-significant-control/corporate-entity/_Mgz4W750OtYCNDqZrzIwDM1Tng,d6decaa984c9fa8445bf60845ee4c69ed336cf2a,2
02995364,00594581,Carillion Construction Limited,2016-04-06,,false,voting-rights-75-to-100-percent,Private Limited Company,Companies Act 2006,England And Wales,Companies House,corporate-entity-person-with-significant-control,https://api.company-information.service.gov.uk/company/02995364/persons-with-significant-control/corporate-entity/_Mgz4W750OtYCNDqZrzIwDM1Tng,d6decaa984c9fa8445bf60845ee4c69ed336cf2a,2
NI040904,03858865,Carillion Energy Services Limited,2016-04-06,,false,ownership-of-shares-75-to-100-percent,Private Limited Company,Companies Act 2006,England & Wales,Companies House,corporate-entity-person-with-significant-control,https://api.company-information.service.gov.uk/company/NI040904/persons-with-significant-control/corporate-entity/XvEiDNFi2RYEF57yQF1i9PKBW04,5e046723fd36a36520fb5e40eb6f6e84c07bc7c2,2
NI040904,03858865,Carillion Energy Services Limited,2016-04-06,,false,voting-rights-75-to-100-percent,Private Limited Company,Companies Act 2006,England & Wales,Companies House,corporate-entity-person-with-significant-control,https://api.company-information.service.gov.uk/company/NI040904/persons-with-significant-control/corporate-entity/XvEiDNFi2RYEF57yQF1i9PKBW04,5e046723fd36a36520fb5e40eb6f6e84c07bc7c2,2
13883126,08084031,Ask Real Estate Limited,2022-01-31,,false,ownership-of-shares-75-to-100-percent,Private Company Limited By Shares,Companies Act 2006,United Kingdom,Uk Register Of Companies,corporate-entity-person-with-significant-control,https://api.company-information.service.gov.uk/company/13883126/persons-with-significant-control/corporate-entity/X7gv0WvZDvb0IbfrT5POUHgtzEo,24e8c4aacbd1b8ba22bd23e31a4a4df3b53ce3c1,3
13883126,08084031,Ask Real Estate Limited,2022-01-31,,false,right-to-appoint-and-remove-directors,Private Company Limited By Shares,Companies Act 2006,United Kingdom,Uk Register Of Companies,corporate-entity-person-with-significant-control,https://api.company-information.service.gov.uk/company/13883126/persons-with-significant-control/corporate-entity/X7gv0WvZDvb0IbfrT5POUHgtzEo,24e8c4aacbd1b8ba22bd23e31a4a4df3b53ce3c1,3
13883126,08084031,Ask Real Estate Limited,2022-01-31,,false,voting-rights-75-to-100-percent,Private Company Limited By Shares,Companies Act 2006,United Kingdom,Uk Register Of Companies,corporate-entity-person-with-significant-control,https://api.company-information.service.gov.uk/company/13883126/persons-with-significant-control/corporate-entity/X7gv0WvZDvb0IbfrT5POUHgtzEo,24e8c4aacbd1b8ba22bd23e31a4a4df3b53ce3c1,3
03783015,03783019,Carillion Holdings Limited,2016-04-06,2018-12-12,true,ownership-of-shares-75-to-100-percent,Private Limited Company,Companies Act 2006,England,Companies House,corporate-entity-person-with-significant-control,https://api.company-information.service.gov.uk/company/03783015/persons-with-significant-control/corporate-entity/la5oSQBwvSPp7QbqgxKPGa7dkfc,8660071d82a4492619768ce43c18681999c4b6f2,2
03783015,03783019,Carillion Holdings Limited,2016-04-06,2018-12-12,true,right-to-appoint-and-remove-directors,Private Limited Company,Companies Act 2006,England,Companies House,corporate-entity-person-with-significant-control,https://api.company-information.service.gov.uk/company/03783015/persons-with-significant-control/corporate-entity/la5oSQBwvSPp7QbqgxKPGa7dkfc,8660071d82a4492619768ce43c18681999c4b6f2,2
03783015,03783019,Carillion Holdings Limited,2016-04-06,2018-12-12,true,voting-rights-75-to-100-percent,Private Limited Company,Companies Act 2006,England,Companies House,corporate-entity-person-with-significant-control,https://api.company-information.service.gov.uk/company/03783015/persons-with-significant-control/corporate-entity/la5oSQBwvSPp7QbqgxKPGa7dkfc,8660071d82a4492619768ce43c18681999c4b6f2,2
03783014,03783019,Carillion Holdings Limited,2016-04-06,,false,ownership-of-shares-75-to-100-percent,Private Limited Company,Companies Act 2006,England,Companies House,corporate-entity-person-with-significant-control,https://api.company-information.service.gov.uk/company/03783014/persons-with-significant-control/corporate-entity/jYj02k8BCHYvF867UE5xfYLBwnI,dd1aa4153e475a1c56bb1adea4ec20338e99ec32,2
03783014,03783019,Carillion Holdings Limited,2016-04-06,,false,right-to-appoint-and-remove-directors,Private Limited Company,Companies Act 2006,England,Companies House,corporate-entity-person-with-significant-control,https://api.company-information.service.gov.uk/company/03783014/persons-with-significant-control/corporate-entity/jYj02k8BCHYvF867UE5xfYLBwnI,dd1aa4153e475a1c56bb1adea4ec20338e99ec32,2
03783014,03783019,Carillion Holdings Limited,2016-04-06,,false,voting-rights-75-to-100-percent,Private Limited Company,Companies Act 2006,England,Companies House,corporate-entity-person-with-significant-control,https://api.company-information.service.gov.uk/company/03783014/persons-with-significant-control/corporate-entity/jYj02k8BCHYvF867UE5xfYLBwnI,dd1aa4153e475a1c56bb1adea4ec20338e99ec32,2
03902730,00566465,Dudley Bower Group Plc,2016-04-06,,false,ownership-of-shares-75-to-100-percent,Public Limited Company,Companies Act 2006,England & Wales,Companies House,corporate-entity-person-with-significant-control,https://api.company-information.service.gov.uk/company/03902730/persons-with-significant-control/corporate-entity/2CP4_w6uzk5g7RpHd-2T2lFqbWY,439b98728a86be1fc5982856104a4acd516b456b,3
03902730,00566465,Dudley Bower Group Plc,2016-04-06,,false,right-to-appoint-and-remove-directors,Public Limited Company,Companies Act 2006,England & Wales,Companies House,corporate-entity-person-with-significant-control,https://api.company-information.service.gov.uk/company/03902730/persons-with-significant-control/corporate-entity/2CP4_w6uzk5g7RpHd-2T2lFqbWY,439b98728a86be1fc5982856104a4acd516b456b,3
03902730,00566465,Dudley Bower Group Plc,2016-04-06,,false,voting-rights-75-to-100-percent,Public Limited Company,Companies Act 2006,England & Wales,Companies House,corporate-entity-person-with-significant-control,https://api.company-information.service.gov.uk/company/03902730/persons-with-significant-control/corporate-entity/2CP4_w6uzk5g7RpHd-2T2lFqbWY,439b98728a86be1fc5982856104a4acd516b456b,3
01270381,00594581,Carillion Construction Limited,2016-04-06,,false,ownership-of-shares-75-to-100-percent,Private Limited Company,Companies Act 2006,England & Wales,Companies House,corporate-entity-person-with-significant-control,https://api.company-information.service.gov.uk/company/01270381/persons-with-significant-control/corporate-entity/uetqUkZA7XZG_PGUcnIMBHGF_RA,6d4f363fe0d4ba2267b0ef32eb66c8d8673e5dd4,2
01270381,00594581,Carillion Construction Limited,2016-04-06,,false,right-to-appoint-and-remove-directors,Private Limited Company,Companies Act 2006,England & Wales,Companies House,corporate-entity-person-with-significant-control,https://api.company-information.service.gov.uk/company/01270381/persons-with-significant-control/corporate-entity/uetqUkZA7XZG_PGUcnIMBHGF_RA,6d4f363fe0d4ba2267b0ef32eb66c8d8673e5dd4,2
01270381,00594581,Carillion Construction Limited,2016-04-06,,false,voting-rights-75-to-100-percent,Private Limited Company,Companies Act 2006,England & Wales,Companies House,corporate-entity-person-with-significant-control,https://api.company-information.service.gov.uk/company/01270381/persons-with-significant-control/corporate-entity/uetqUkZA7XZG_PGUcnIMBHGF_RA,6d4f363fe0d4ba2267b0ef32eb66c8d8673e5dd4,2
08018007,00594581,Carillion Construction Limited,2016-04-06,2018-04-18,true,ownership-of-shares-75-to-100-percent,Private Limited Company,Companies Act 2006,England & Wales,Companies House,corporate-entity-person-with-significant-control,https://api.company-information.service.gov.uk/company/08018007/persons-with-significant-control/corporate-entity/g6pDghRiJ3uZGYJfxAFWBym0IZU,3c36c01f8a1324a84e20cf84a968a9e935c07f7e,2
08018007,00594581,Carillion Construction Limited,2016-04-06,2018-04-18,true,voting-rights-75-to-100-percent,Private Limited Company,Companies Act 2006,England & Wales,Companies House,corporate-entity-person-with-significant-control,https://api.company-information.service.gov.uk/company/08018007/persons-with-significant-control/corporate-entity/g6pDghRiJ3uZGYJfxAFWBym0IZU,3c36c01f8a1324a84e20cf84a968a9e935c07f7e,2
02023634,03858865,Carillion Energy Services Limited,2016-04-06,,false,ownership-of-shares-75-to-100-percent,Private Limited Company,Companies Act 2006,England,Companies House,corporate-entity-person-with-significant-control,https://api.company-information.service.gov.uk/company/02023634/persons-with-significant-control/corporate-entity/ipUE-NUjb2M-X83J3YatYbqgnZg,14ec821c1fc08e4e58acfc4613e8e06924e9c3af,2
02023634,03858865,Carillion Energy Services Limited,2016-04-06,,false,right-to-appoint-and-remove-directors,Private Limited Company,Companies Act 2006,England,Companies House,corporate-entity-person-with-significant-control,https://api.company-information.service.gov.uk/company/02023634/persons-with-significant-control/corporate-entity/ipUE-NUjb2M-X83J3YatYbqgnZg,14ec821c1fc08e4e58acfc4613e8e06924e9c3af,2
02023634,03858865,Carillion Energy Services Limited,2016-04-06,,false,voting-rights-75-to-100-percent,Private Limited Company,Companies Act 2006,England,Companies House,corporate-entity-person-with-significant-control,https://api.company-information.service.gov.uk/company/02023634/persons-with-significant-control/corporate-entity/ipUE-NUjb2M-X83J3YatYbqgnZg,14ec821c1fc08e4e58acfc4613e8e06924e9c3af,2
11148036,08747138,The Hospital Company (Liverpool) Limited,2018-05-22,2018-10-25,true,ownership-of-shares-75-to-100-percent,Private Limited Company,Companies Act 2006,England,Companies House (England & Wales),corporate-entity-person-with-significant-control,https://api.company-information.service.gov.uk/company/11148036/persons-with-significant-control/corporate-entity/yXVU3wfykbJy86HNzCEf2ePGwPg,5d6623e9d063dcd6400685cf404fe1a90defa76a,5
11148036,08747138,The Hospital Company (Liverpool) Limited,2018-05-22,2018-10-25,true,right-to-appoint-and-remove-directors,Private Limited Company,Companies Act 2006,England,Companies House (England & Wales),corporate-entity-person-with-significant-control,https://api.company-information.service.gov.uk/company/11148036/persons-with-significant-control/corporate-entity/yXVU3wfykbJy86HNzCEf2ePGwPg,5d6623e9d063dcd6400685cf404fe1a90defa76a,5
11148036,08747138,The Hospital Company (Liverpool) Limited,2018-05-22,2018-10-25,true,voting-rights-75-to-100-percent,Private Limited Company,Companies Act 2006,England,Companies House (England & Wales),corporate-entity-person-with-significant-control,https://api.company-information.service.gov.uk/company/11148036/persons-with-significant-control/corporate-entity/yXVU3wfykbJy86HNzCEf2ePGwPg,5d6623e9d063dcd6400685cf404fe1a90defa76a,5
02062284,01808326,Carillion (Am) Limited,2016-04-06,2018-12-12,true,ownership-of-shares-75-to-100-percent,Private Limited Company,Companies Act 2006,England,Companies House,corporate-entity-person-with-significant-control,https://api.company-information.service.gov.uk/company/02062284/persons-with-significant-control/corporate-entity/F7usFsJgxW5Sy7N3dKgcAmr_Ad8,2da40afba1117887b1e5288926097b5d16458762,3
02062284,01808326,Carillion (Am) Limited,2016-04-06,2018-12-12,true,right-to-appoint-and-remove-directors,Private Limited Company,Companies Act 2006,England,Companies House,corporate-entity-person-with-significant-control,https://api.company-information.service.gov.uk/company/02062284/persons-with-significant-control/corporate-entity/F7usFsJgxW5Sy7N3dKgcAmr_Ad8,2da40afba1117887b1e5288926097b5d16458762,3
02062284,01808326,Carillion (Am) Limited,2016-04-06,2018-12-12,true,voting-rights-75-to-100-percent,Private Limited Company,Companies Act 2006,England,Companies House,corporate-entity-person-with-significant-control,https://api.company-information.service.gov.uk/company/02062284/persons-with-significant-control/corporate-entity/F7usFsJgxW5Sy7N3dKgcAmr_Ad8,2da40afba1117887b1e5288926097b5d16458762,3
00199835,00077628,Carillion Jm Limited,2016-04-06,,false,ownership-of-shares-75-to-100-percent,Private Limited Company,Companies Act 2006,England,Companies House,corporate-entity-person-with-significant-control,https://api.company-information.service.gov.uk/company/00199835/persons-with-significant-control/corporate-entity/Em3_TyWiG_CIegdkWRChb5qljUU,df6fe41cd9477805d0d3eafbf75d1fdc35eb2744,2
00199835,00077628,Carillion Jm Limited,2016-04-06,,false,right-to-appoint-and-remove-directors,Private Limited Company,Companies Act 2006,England,Companies House,corporate-entity-person-with-significant-control,https://api.company-information.service.gov.uk/company/00199835/persons-with-significant-control/corporate-entity/Em3_TyWiG_CIegdkWRChb5qljUU,df6fe41cd9477805d0d3eafbf75d1fdc35eb2744,2
00199835,00077628,Carillion Jm Limited,2016-04-06,,false,voting-rights-75-to-100-percent,Private Limited Company,Companies Act 2006,England,Companies House,corporate-entity-person-with-significant-control,https://api.company-information.service.gov.uk/company/00199835/persons-with-significant-control/corporate-entity/Em3_TyWiG_CIegdkWRChb5qljUU,df6fe41cd9477805d0d3eafbf75d1fdc35eb2744,2
03902700,00077628,Carillion Jm Limited,2016-04-06,,false,ownership-of-shares-75-to-100-percent,Private Limited Company,Companies Act 2006,England & Wales,Companies House,corporate-entity-person-with-significant-control,https://api.company-information.service.gov.uk/company/03902700/persons-with-significant-control/corporate-entity/kL5EgJV1_LYGoMda07k1x3doveU,4a5ceb4e4ead419a643641fa32aa40e86b7e00db,2
03902700,00077628,Carillion Jm Limited,2016-04-06,,false,right-to-appoint-and-remove-directors,Private Limited Company,Companies Act 2006,England & Wales,Companies House,corporate-entity-person-with-significant-control,https://api.company-information.service.gov.uk/company/03902700/persons-with-significant-control/corporate-entity/kL5EgJV1_LYGoMda07k1x3doveU,4a5ceb4e4ead419a643641fa32aa40e86b7e00db,2
03902700,00077628,Carillion Jm Limited,2016-04-06,,false,voting-rights-75-to-100-percent,Private Limited Company,Companies Act 2006,England & Wales,Companies House,corporate-entity-person-with-significant-control,https://api.company-information.service.gov.uk/company/03902700/persons-with-significant-control/corporate-entity/kL5EgJV1_LYGoMda07k1x3doveU,4a5ceb4e4ead419a643641fa32aa40e86b7e00db,2
03011791,03782379,Carillion Plc,2016-04-06,,false,ownership-of-shares-75-to-100-percent,Public Limited Company,Companies Act 2006,England & Wales,Companies House,corporate-entity-person-with-significant-control,https://api.company-information.service.gov.uk/company/03011791/persons-with-significant-control/corporate-entity/lOjvr2jTAkQme6mc4yv9vadnUV0,6869545ea4e1b5a0f393ce6fbfce8c917ee0584b,1
03011791,03782379,Carillion Plc,2016-04-06,,false,right-to-appoint-and-remove-directors,Public Limited Company,Companies Act 2006,England & Wales,Companies House,corporate-entity-person-with-significant-control,https://api.company-information.service.gov.uk/company/03011791/persons-with-significant-control/corporate-entity/lOjvr2jTAkQme6mc4yv9vadnUV0,6869545ea4e1b5a0f393ce6fbfce8c917ee0584b,1
03011791,03782379,Carillion Plc,2016-04-06,,false,voting-rights-75-to-100-percent,Public Limited Company,Companies Act 2006,England & Wales,Companies House,corporate-entity-person-with-significant-control,https://api.company-information.service.gov.uk/company/03011791/persons-with-significant-control/corporate-entity/lOjvr2jTAkQme6mc4yv9vadnUV0,6869545ea4e1b5a0f393ce6fbfce8c917ee0584b,1
00680231,00077628,Carillion Jm Limited,2016-04-06,,false,ownership-of-shares-75-to-100-percent,Private Limited Company,Companies Act 2006,England & Wales,Companies House,corporate-entity-person-with-significant-control,https://api.company-information.service.gov.uk/company/00680231/persons-with-significant-control/corporate-entity/Y2qfBlDlHGJ_fnYhHYs-jUsmzAA,b177f46b13950261d4d2409185ac39b4807c4183,2
00680231,00077628,Carillion Jm Limited,2016-04-06,,false,right-to-appoint-and-remove-directors,Private Limited Company,Companies Act 2006,England & Wales,Companies House,corporate-entity-person-with-significant-control,https://api.company-information.service.gov.uk/company/00680231/persons-with-significant-control/corporate-entity/Y2qfBlDlHGJ_fnYhHYs-jUsmzAA,b177f46b13950261d4d2409185ac39b4807c4183,2
00680231,00077628,Carillion Jm Limited,2016-04-06,,false,voting-rights-75-to-100-percent,Private Limited Company,Companies Act 2006,England & Wales,Companies House,corporate-entity-person-with-significant-control,https://api.company-information.service.gov.uk/company/00680231/persons-with-significant-control/corporate-entity/Y2qfBlDlHGJ_fnYhHYs-jUsmzAA,b177f46b13950261d4d2409185ac39b4807c4183,2
07017305,08113991,Amber Lep Investments Limited,2016-04-06,,false,ownership-of-shares-75-to-100-percent,Private Limited Company,Companies Act 2006,England,Companies House,corporate-entity-person-with-significant-control,https://api.company-information.service.gov.uk/company/07017305/persons-with-significant-control/corporate-entity/bhlqPXO62qfzIwKI6lNDwRvk2tA,4b5643d58bdf2c773cfa53b3917ffed7e6af079a,3
07017305,08113991,Amber Lep Investments Limited,2016-04-06,,false,voting-rights-75-to-100-percent,Private Limited Company,Companies Act 2006,England,Companies House,corporate-entity-person-with-significant-control,https://api.company-information.service.gov.uk/company/07017305/persons-with-significant-control/corporate-entity/bhlqPXO62qfzIwKI6lNDwRvk2tA,4b5643d58bdf2c773cfa53b3917ffed7e6af079a,3
08137485,07211684,Pfp-Igloo (General Partner) Limited,2016-04-06,,false,ownership-of-shares-75-to-100-percent,Private Limited Company,Companies Act 2006,England,Companies House,corporate-entity-person-with-significant-control,https://api.company-information.service.gov.uk/company/08137485/persons-with-significant-control/corporate-entity/UAz5dD-L_leoDTnZmOYEHauv2zw,04c20e740acc05622369105c5fa3508890c733f0,3
08137485,07211684,Pfp-Igloo (General Partner) Limited,2016-04-06,,false,right-to-appoint-and-remove-directors,Private Limited Company,Companies Act 2006,England,Companies House,corporate-entity-person-with-significant-control,https://api.company-information.service.gov.uk/company/08137485/persons-with-significant-control/corporate-entity/UAz5dD-L_leoDTnZmOYEHauv2zw,04c20e740acc05622369105c5fa3508890c733f0,3
08137485,07211684,Pfp-Igloo (General Partner) Limited,2016-04-06,,false,voting-rights-75-to-100-percent,Private Limited Company,Companies Act 2006,England,Companies House,corporate-entity-person-with-significant-control,https://api.company-information.service.gov.uk/company/08137485/persons-with-significant-control/corporate-entity/UAz5dD-L_leoDTnZmOYEHauv2zw,04c20e740acc05622369105c5fa3508890c733f0,3
SC023190,00077628,Carillion Jm Limited,2016-04-06,,false,ownership-of-shares-75-to-100-percent,Private Limited Company,Companies Act 2006,England & Wales,Companies House,corporate-entity-person-with-significant-control,https://api.company-information.service.gov.uk/company/SC023190/persons-with-significant-control/corporate-entity/tAThWZm7P2pUiuu1S3-oP5VMYvY,8c19f6e9596e4c3c0301a71801cdc8630d96d73a,2
SC023190,00077628,Carillion Jm Limited,2016-04-06,,false,right-to-appoint-and-remove-directors,Private Limited Company,Companies Act 2006,England & Wales,Companies House,corporate-entity-person-with-significant-control,https://api.company-information.service.gov.uk/company/SC023190/persons-with-significant-control/corporate-entity/tAThWZm7P2pUiuu1S3-oP5VMYvY,8c19f6e9596e4c3c0301a71801cdc8630d96d73a,2
SC023190,00077628,Carillion Jm Limited,2016-04-06,,false,voting-rights-75-to-100-percent,Private Limited Company,Companies Act 2006,England & Wales,Companies House,corporate-entity-person-with-significant-control,https://api.company-information.service.gov.uk/company/SC023190/persons-with-significant-control/corporate-entity/tAThWZm7P2pUiuu1S3-oP5VMYvY,8c19f6e9596e4c3c0301a71801cdc8630d96d73a,2
05543634,00247624,Carillion Capital Projects Limited,2016-04-06,2018-02-22,true,ownership-of-shares-25-to-50-percent,Private Limited Company,Companies Act 2006,England,Companies House,corporate-entity-person-with-significant-control,https://api.company-information.service.gov.uk/company/05543634/persons-with-significant-control/corporate-entity/Vz65hhlFPB-RU43EMmiGbPNJlxQ,cbbde2f50c9485cd772c915b845b27ca72426b01,3
05543634,00247624,Carillion Capital Projects Limited,2016-04-06,2018-02-22,true,right-to-appoint-and-remove-directors,Private Limited Company,Companies Act 2006,England,Companies House,corporate-entity-person-with-significant-control,https://api.company-information.service.gov.uk/company/05543634/persons-with-significant-control/corporate-entity/Vz65hhlFPB-RU43EMmiGbPNJlxQ,cbbde2f50c9485cd772c915b845b27ca72426b01,3
05543634,00247624,Carillion Capital Projects Limited,2016-04-06,2018-02-22,true,voting-rights-25-to-50-percent,Private Limited Company,Companies Act 2006,England,Companies House,corporate-entity-person-with-significant-control,https://api.company-information.service.gov.uk/company/05543634/persons-with-significant-control/corporate-entity/Vz65hhlFPB-RU43EMmiGbPNJlxQ,cbbde2f50c9485cd772c915b845b27ca72426b01,3
00881324,01367044,Carillion (Am) Limited,2016-04-06,,false,ownership-of-shares-75-to-100-percent,Private Limited Company,Companies Act 2006,England,Companies House,corporate-entity-person-with-significant-control,https://api.company-information.service.gov.uk/company/00881324/persons-with-significant-control/corporate-entity/FnrmGA_yaIoC_kQahRoL7C4-tqg,1d4ab34ae730b5ebfb9405318884d9ca642f25aa,2
00881324,01367044,Carillion (Am) Limited,2016-04-06,,false,right-to-appoint-and-remove-directors,Private Limited Company,Companies Act 2006,England,Companies House,corporate-entity-person-with-significant-control,https://api.company-information.service.gov.uk/company/00881324/persons-with-significant-control/corporate-entity/FnrmGA_yaIoC_kQahRoL7C4-tqg,1d4ab34ae730b5ebfb9405318884d9ca642f25aa,2
00881324,01367044,Carillion (Am) Limited,2016-04-06,,false,voting-rights-75-to-100-percent,Private Limited Company,Companies Act 2006,England,Companies House,corporate-entity-person-with-significant-control,https://api.company-information.service.gov.uk/company/00881324/persons-with-significant-control/corporate-entity/FnrmGA_yaIoC_kQahRoL7C4-tqg,1d4ab34ae730b5ebfb9405318884d9ca642f25aa,2
01294261,00077628,Carillion Jm Limited,2016-04-06,,false,ownership-of-shares-75-to-100-percent,Private Limited Company,Companies Act 2006,England & Wales,Companies House,corporate-entity-person-with-significant-control,https://api.company-information.service.gov.uk/company/01294261/persons-with-significant-control/corporate-entity/GB8CE-6SBCU43MEGe53S3-75NOo,e1bf4e4bf02697fb1c133142cc9f3b69b0e024a9,2
01294261,00077628,Carillion Jm Limited,2016-04-06,,false,right-to-appoint-and-remove-directors,Private Limited Company,Companies Act 2006,England & Wales,Companies House,corporate-entity-person-with-significant-control,https://api.company-information.service.gov.uk/company/01294261/persons-with-significant-control/corporate-entity/GB8CE-6SBCU43MEGe53S3-75NOo,e1bf4e4bf02697fb1c133142cc9f3b69b0e024a9,2
01294261,00077628,Carillion Jm Limited,2016-04-06,,false,voting-rights-75-to-100-percent,Private Limited Company,Companies Act 2006,England & Wales,Companies House,corporate-entity-person-with-significant-control,https://api.company-information.service.gov.uk/company/01294261/persons-with-significant-control/corporate-entity/GB8CE-6SBCU43MEGe53S3-75NOo,e1bf4e4bf02697fb1c133142cc9f3b69b0e024a9,2
10546542,00594581,Carillion Construction Limited,2017-01-04,,false,ownership-of-shares-75-to-100-percent,Private Limited Company,Companies Act 2006,England & Wales,Companies House,corporate-entity-person-with-significant-control,https://api.company-information.service.gov.uk/company/10546542/persons-with-significant-control/corporate-entity/DO47qVUJh4R2Q7P6ZPFJURdcKMo,35288982ab0395221999eef9302af9411d0b78c2,2
10546542,00594581,Carillion Construction Limited,2017-01-04,,false,voting-rights-75-to-100-percent,Private Limited Company,Companies Act 2006,England & Wales,Companies House,corporate-entity-person-with-significant-control,https://api.company-information.service.gov.uk/company/10546542/persons-with-significant-control/corporate-entity/DO47qVUJh4R2Q7P6ZPFJURdcKMo,35288982ab0395221999eef9302af9411d0b78c2,2
06404751,08084031,Ask Real Estate Limited,2016-04-06,,false,ownership-of-shares-75-to-100-percent,Private Limited Company,Companies Act 2006,England & Wales,Companies House,corporate-entity-person-with-significant-control,https://api.company-information.service.gov.uk/company/06404751/persons-with-significant-control/corporate-entity/W0bNwdv5qVvsIsAMcHchLKM66Fw,2870c18a6e31f95917b845b1d7fac960502a4394,3
06404751,08084031,Ask Real Estate Limited,2016-04-06,,false,voting-rights-75-to-100-percent,Private Limited Company,Companies Act 2006,England & Wales,Companies House,corporate-entity-person-with-significant-control,https://api.company-information.service.gov.uk/company/06404751/persons-with-significant-control/corporate-entity/W0bNwdv5qVvsIsAMcHchLKM66Fw,2870c18a6e31f95917b845b1d7fac960502a4394,3
01122105,01367044,Carillion (Am) Limited,2016-04-06,,false,ownership-of-shares-75-to-100-percent,Private Limited Company,Companies Act 2006,England,Companies House,corporate-entity-person-with-significant-control,https://api.company-information.service.gov.uk/company/01122105/persons-with-significant-control/corporate-entity/nXjn2RflbPOwEZLfvvlQIS3Vnok,34555554e4e280cc3e54c91029da5c355d8d4f86,2
01122105,01367044,Carillion (Am) Limited,2016-04-06,,false,right-to-appoint-and-remove-directors,Private Limited Company,Companies Act 2006,England,Companies House,corporate-entity-person-with-significant-control,https://api.company-information.service.gov.uk/company/01122105/persons-with-significant-control/corporate-entity/nXjn2RflbPOwEZLfvvlQIS3Vnok,34555554e4e280cc3e54c91029da5c355d8d4f86,2
01122105,01367044,Carillion (Am) Limited,2016-04-06,,false,voting-rights-75-to-100-percent,Private Limited Company,Companies Act 2006,England,Companies House,corporate-entity-person-with-significant-control,https://api.company-information.service.gov.uk/company/01122105/persons-with-significant-control/corporate-entity/nXjn2RflbPOwEZLfvvlQIS3Vnok,34555554e4e280cc3e54c91029da5c355d8d4f86,2
02574792,03011791,Carillion Services Limited,2016-04-06,,false,ownership-of-shares-75-to-100-percent,Private Limited Company,Companies Act 2006,England & Wales,Companies House,corporate-entity-person-with-significant-control,https://api.company-information.service.gov.uk/company/02574792/persons-with-significant-control/corporate-entity/jARkBR5DPIys9xrCFkAQUQE8x0I,47550038467add9e0326927aa5c38fd9102e2700,2
02574792,03011791,Carillion Services Limited,2016-04-06,,false,right-to-appoint-and-remove-directors,Private Limited Company,Companies Act 2006,England & Wales,Companies House,corporate-entity-person-with-significant-control,https://api.company-information.service.gov.uk/company/02574792/persons-with-significant-control/corporate-entity/jARkBR5DPIys9xrCFkAQUQE8x0I,47550038467add9e0326927aa5c38fd9102e2700,2
02574792,03011791,Carillion Services Limited,2016-04-06,,false,voting-rights-75-to-100-percent,Private Limited Company,Companies Act 2006,England & Wales,Companies House,corporate-entity-person-with-significant-control,https://api.company-information.service.gov.uk/company/02574792/persons-with-significant-control/corporate-entity/jARkBR5DPIys9xrCFkAQUQE8x0I,47550038467add9e0326927aa5c38fd9102e2700,2
10556292,00594581,Carillion Construction Limited,2017-01-10,,false,ownership-of-shares-75-to-100-percent,Private Limited Company,Companies Act 2006,England & Wales,Companies House,corporate-entity-person-with-significant-control,https://api.company-information.service.gov.uk/company/10556292/persons-with-significant-control/corporate-entity/JeXeqj2cjuNq4aN7McEvDhcLv5U,6feacea37ce8d5c24c3cd376e7753507d0b92808,2
10556292,00594581,Carillion Construction Limited,2017-01-10,,false,voting-rights-75-to-100-percent,Private Limited Company,Companies Act 2006,England & Wales,Companies House,corporate-entity-person-with-significant-control,https://api.company-information.service.gov.uk/company/10556292/persons-with-significant-control/corporate-entity/JeXeqj2cjuNq4aN7McEvDhcLv5U,6feacea37ce8d5c24c3cd376e7753507d0b92808,2
05325813,03782379,Carillion Plc,2016-04-06,,false,ownership-of-shares-75-to-100-percent,Public Limited Company,Companies Act 2006,England & Wales,Companies House,corporate-entity-person-with-significant-control,https://api.company-information.service.gov.uk/company/05325813/persons-with-significant-control/corporate-entity/xlEfR8KoBjLsqadZTW5UQbBsveY,e6e445b19dd82830b1a8b424190e0db65f41a5e5,1
05325813,03782379,Carillion Plc,2016-04-06,,false,right-to-appoint-and-remove-directors,Public Limited Company,Companies Act 2006,England & Wales,Companies House,corporate-entity-person-with-significant-control,https://api.company-information.service.gov.uk/company/05325813/persons-with-significant-control/corporate-entity/xlEfR8KoBjLsqadZTW5UQbBsveY,e6e445b19dd82830b1a8b424190e0db65f41a5e5,1
05325813,03782379,Carillion Plc,2016-04-06,,false,voting-rights-75-to-100-percent,Public Limited Company,Companies Act 2006,England & Wales,Companies House,corporate-entity-person-with-significant-control,https://api.company-information.service.gov.uk/company/05325813/persons-with-significant-control/corporate-entity/xlEfR8KoBjLsqadZTW5UQbBsveY,e6e445b19dd82830b1a8b424190e0db65f41a5e5,1
07033153,01122105,Greenpan Limited,2016-12-01,2018-09-30,true,ownership-of-shares-50-to-75-percent,Limited Company,The Compliance Ordinance,Hong Kong,Hong Kong,corporate-entity-person-with-significant-control,https://api.company-information.service.gov.uk/company/07033153/persons-with-significant-control/corporate-entity/gMm-R92JHJbqIrzYirF6UcLm-QM,bb2fe4c53e5df74eeff0220f9fafd25af4e2d6db,3
06404740,08084031,Ask Real Estate Limited,2016-04-06,,false,ownership-of-shares-75-to-100-percent,Private Limited Company,Companies Act 2006,England & Wales,Companies House,corporate-entity-person-with-significant-control,https://api.company-information.service.gov.uk/company/06404740/persons-with-significant-control/corporate-entity/a8zTRu0JfRK-B4f4vdEW2tAVye8,f7fb57f160eabd7ecff15619e0f414788bfa776b,3
06404740,08084031,Ask Real Estate Limited,2016-04-06,,false,voting-rights-75-to-100-percent,Private Limited Company,Companies Act 2006,England & Wales,Companies House,corporate-entity-person-with-significant-control,https://api.company-information.service.gov.uk/company/06404740/persons-with-significant-control/corporate-entity/a8zTRu0JfRK-B4f4vdEW2tAVye8,f7fb57f160eabd7ecff15619e0f414788bfa776b,3
06440415,02630590,Carillion Regeneration Limited,2016-04-06,2018-07-13,true,ownership-of-shares-75-to-100-percent,Limited By Shares,Companies Act 2006,England & Wales,Companies House,corporate-entity-person-with-significant-control,https://api.company-information.service.gov.uk/company/06440415/persons-with-significant-control/corporate-entity/RR4HrlI-pzcHdvNDPqB66gvyw4k,8e98e572fc72e8fd655e7ee5ef8847987280c84b,2
06440415,02630590,Carillion Regeneration Limited,2016-04-06,2018-07-13,true,voting-rights-75-to-100-percent,Limited By Shares,Companies Act 2006,England & Wales,Companies House,corporate-entity-person-with-significant-control,https://api.company-information.service.gov.uk/company/06440415/persons-with-significant-control/corporate-entity/RR4HrlI-pzcHdvNDPqB66gvyw4k,8e98e572fc72e8fd655e7ee5ef8847987280c84b,2
05308544,03783015,Carillion Cr Limited,2016-04-06,,false,ownership-of-shares-25-to-50-percent,Private Limited Company,Companies Act 2006,England & Wales,Companies House,corporate-entity-person-with-significant-control,https://api.company-information.service.gov.uk/company/05308544/persons-with-significant-control/corporate-entity/7k4HmD7tj_dlzROYqdiqN5y0v0o,9c869d9645a2669c51cb67499491a25356841574,3
05308544,03783015,Carillion Cr Limited,2016-04-06,,false,voting-rights-25-to-50-percent,Private Limited Company,Companies Act 2006,England & Wales,Companies House,corporate-entity-person-with-significant-control,https://api.company-information.service.gov.uk/company/05308544/persons-with-significant-control/corporate-entity/7k4HmD7tj_dlzROYqdiqN5y0v0o,9c869d9645a2669c51cb67499491a25356841574,3
04979205,04135060,Sovereign Harbour Waterfront Holdings Limited,2016-04-06,,false,ownership-of-shares-75-to-100-percent,Limited By Shares,Companies Act 2006,England & Wales,Companies House,corporate-entity-person-with-significant-control,https://api.company-information.service.gov.uk/company/04979205/persons-with-significant-control/corporate-entity/1oczqs3omcGWmvkK1irr5hbqmyA,70b474d8dbc8af3ba5997671337d247b3e3129ec,4
04979205,04135060,Sovereign Harbour Waterfront Holdings Limited,2016-04-06,,false,right-to-appoint-and-remove-directors,Limited By Shares,Companies Act 2006,England & Wales,Companies House,corporate-entity-person-with-significant-control,https://api.company-information.service.gov.uk/company/04979205/persons-with-significant-control/corporate-entity/1oczqs3omcGWmvkK1irr5hbqmyA,70b474d8dbc8af3ba5997671337d247b3e3129ec,4
04979205,04135060,Sovereign Harbour Waterfront Holdings Limited,2016-04-06,,false,voting-rights-75-to-100-percent,Limited By Shares,Companies Act 2006,England & Wales,Companies House,corporate-entity-person-with-significant-control,https://api.company-information.service.gov.uk/company/04979205/persons-with-significant-control/corporate-entity/1oczqs3omcGWmvkK1irr5hbqmyA,70b474d8dbc8af3ba5997671337d247b3e3129ec,4
OC402027,01469541,Carillion (Maple Oak) Limited,2016-04-06,2017-12-08,true,significant-influence-or-control-limited-liability-partnership,Private Limited Company,Companies Act 2006,England & Wales,Companies House,corporate-entity-person-with-significant-control,https://api.company-information.service.gov.uk/company/OC402027/persons-with-significant-control/corporate-entity/4okGsdS8Wom_jwp6Y8xtRkMnTSU,a164b4d957071596b9d4bf9d32c50fe3a5f0c02d,3
01180475,00077628,Carillion Jm Limited,2016-04-06,,false,ownership-of-shares-75-to-100-percent,Private Limited Company,Companies Act 2006,England & Wales,Companies House,corporate-entity-person-with-significant-control,https://api.company-information.service.gov.uk/company/01180475/persons-with-significant-control/corporate-entity/vHTzZsQuPGsToIBtMI38k15X7nk,f762b5499ee6729a25f309c5cebd24bde2291b2f,2
01180475,00077628,Carillion Jm Limited,2016-04-06,,false,right-to-appoint-and-remove-directors,Private Limited Company,Companies Act 2006,England & Wales,Companies House,corporate-entity-person-with-significant-control,https://api.company-information.service.gov.uk/company/01180475/persons-with-significant-control/corporate-entity/vHTzZsQuPGsToIBtMI38k15X7nk,f762b5499ee6729a25f309c5cebd24bde2291b2f,2
01180475,00077628,Carillion Jm Limited,2016-04-06,,false,voting-rights-75-to-100-percent,Private Limited Company,Companies Act 2006,England & Wales,Companies House,corporate-entity-person-with-significant-control,https://api.company-information.service.gov.uk/company/01180475/persons-with-significant-control/corporate-entity/vHTzZsQuPGsToIBtMI38k15X7nk,f762b5499ee6729a25f309c5cebd24bde2291b2f,2
01449086,01367044,Carillion (Am) Limited,2016-04-06,,false,ownership-of-shares-75-to-100-percent,Private Limited Company,Companies Act 2006,England & Wales,Companies House,corporate-entity-person-with-significant-control,https://api.company-information.service.gov.uk/company/01449086/persons-with-significant-control/corporate-entity/4PJDEdfOuJMOhiH2HYYHyVD4qJA,2d391a8efd1a80d82e7f2b83573fdd36b506edbf,2
01449086,01367044,Carillion (Am) Limited,2016-04-06,,false,voting-rights-75-to-100-percent,Private Limited Company,Companies Act 2006,England & Wales,Companies House,corporate-entity-person-with-significant-control,https://api.company-information.service.gov.uk/company/01449086/persons-with-significant-control/corporate-entity/4PJDEdfOuJMOhiH2HYYHyVD4qJA,2d391a8efd1a80d82e7f2b83573fdd36b506edbf,2
SC083991,SC020258,Carillion (Ambs) Limited,2016-04-06,,false,ownership-of-shares-75-to-100-percent,Private Limited Company,Companies Act 2006,Scotland,Companies House,corporate-entity-person-with-significant-control,https://api.company-information.service.gov.uk/company/SC083991/persons-with-significant-control/corporate-entity/SS3blw3OZdNBl1Xo6rAzwI0UWBw,51356e4a8ca31d3ccef95b9af6c18c29197f928d,4
SC083991,SC020258,Carillion (Ambs) Limited,2016-04-06,,false,right-to-appoint-and-remove-directors,Private Limited Company,Companies Act 2006,Scotland,Companies House,corporate-entity-person-with-significant-control,https://api.company-information.service.gov.uk/company/SC083991/persons-with-significant-control/corporate-entity/SS3blw3OZdNBl1Xo6rAzwI0UWBw,51356e4a8ca31d3ccef95b9af6c18c29197f928d,4
SC083991,SC020258,Carillion (Ambs) Limited,2016-04-06,,false,voting-rights-75-to-100-percent,Private Limited Company,Companies Act 2006,Scotland,Companies House,corporate-entity-person-with-significant-control,https://api.company-information.service.gov.uk/company/SC083991/persons-with-significant-control/corporate-entity/SS3blw3OZdNBl1Xo6rAzwI0UWBw,51356e4a8ca31d3ccef95b9af6c18c29197f928d,4
11581591,OC394705,Siglion Developments Llp,2018-09-21,,false,right-to-appoint-and-remove-directors,Corporate,United Kingdom (England And Wales),England,Companies House,corporate-entity-person-with-significant-control,https://api.company-information.service.gov.uk/company/11581591/persons-with-significant-control/corporate-entity/FshNO7c6Wd-U1bYvN3_uUVLfpPs,03e991144d74af9d57394c689fb680d845253f63,4
11581591,OC394705,Siglion Developments Llp,2018-09-21,,false,voting-rights-75-to-100-percent,Corporate,United Kingdom (England And Wales),England,Companies House,corporate-entity-person-with-significant-control,https://api.company-information.service.gov.uk/company/11581591/persons-with-significant-control/corporate-entity/FshNO7c6Wd-U1bYvN3_uUVLfpPs,03e991144d74af9d57394c689fb680d845253f63,4
05769391,00594581,Carillion Construction Limited (In Liquidation),2018-10-25,,false,ownership-of-shares-75-to-100-percent,Private Limited Company,Companies Act 2006,England And Wales,Companies House,corporate-entity-person-with-significant-control,https://api.company-information.service.gov.uk/company/05769391/persons-with-significant-control/corporate-entity/ehkvIFDJRGhomXByRetPw6tCHtw,d95b75e4d96504385db437dc155a741ad5c82321,2
SC203910,01367044,Carillion (Am) Limited,2016-04-06,,false,ownership-of-shares-75-to-100-percent,Private Limited Company,Companies Act 2006,England & Wales,Companies House,corporate-entity-person-with-significant-control,https://api.company-information.service.gov.uk/company/SC203910/persons-with-significant-control/corporate-entity/7fmO4c-S-3eAyBFyWKqJrnPDm_0,33f7fcf02908c9b35ea70a802b6c76787984a489,2
SC203910,01367044,Carillion (Am) Limited,2016-04-06,,false,right-to-appoint-and-remove-directors,Private Limited Company,Companies Act 2006,England & Wales,Companies House,corporate-entity-person-with-significant-control,https://api.company-information.service.gov.uk/company/SC203910/persons-with-significant-control/corporate-entity/7fmO4c-S-3eAyBFyWKqJrnPDm_0,33f7fcf02908c9b35ea70a802b6c76787984a489,2
SC203910,01367044,Carillion (Am) Limited,2016-04-06,,false,voting-rights-75-to-100-percent,Private Limited Company,Companies Act 2006,England & Wales,Companies House,corporate-entity-person-with-significant-control,https://api.company-information.service.gov.uk/company/SC203910/persons-with-significant-control/corporate-entity/7fmO4c-S-3eAyBFyWKqJrnPDm_0,33f7fcf02908c9b35ea70a802b6c76787984a489,2
10551384,01469541,Carillion (Maple Oak) Limited,2017-01-06,2017-12-22,true,ownership-of-shares-75-to-100-percent,Corporate,England And Wales,United Kingdom,Companies House,corporate-entity-person-with-significant-control,https://api.company-information.service.gov.uk/company/10551384/persons-with-significant-control/corporate-entity/qVaYzReBsTe6eN9w2GLTMmYG27k,550bf94980c172d1d2513129b3ee9869346783b4,3
10551384,01469541,Carillion (Maple Oak) Limited,2017-01-06,2017-12-22,true,right-to-appoint-and-remove-directors,Corporate,England And Wales,United Kingdom,Companies House,corporate-entity-person-with-significant-control,https://api.company-information.service.gov.uk/company/10551384/persons-with-significant-control/corporate-entity/qVaYzReBsTe6eN9w2GLTMmYG27k,550bf94980c172d1d2513129b3ee9869346783b4,3
10551384,01469541,Carillion (Maple Oak) Limited,2017-01-06,2017-12-22,true,voting-rights-75-to-100-percent,Corporate,England And Wales,United Kingdom,Companies House,corporate-entity-person-with-significant-control,https://api.company-information.service.gov.uk/company/10551384/persons-with-significant-control/corporate-entity/qVaYzReBsTe6eN9w2GLTMmYG27k,550bf94980c172d1d2513129b3ee9869346783b4,3
10633160,03783019,Carillion Holdings Limited,2017-02-22,2018-02-20,true,ownership-of-shares-25-to-50-percent,Company Limited By Shares,Companies Act 2006,England & Wales,Companies House,corporate-entity-person-with-significant-control,https://api.company-information.service.gov.uk/company/10633160/persons-with-significant-control/corporate-entity/pRcmjod2KkkrBT8N8RkRv2YA--M,fcefb51b88bdc0debb4b54f288d0ea23ccf1193e,2
10633160,03783019,Carillion Holdings Limited,2017-02-22,2018-02-20,true,voting-rights-25-to-50-percent,Company Limited By Shares,Companies Act 2006,England & Wales,Companies House,corporate-entity-person-with-significant-control,https://api.company-information.service.gov.uk/company/10633160/persons-with-significant-control/corporate-entity/pRcmjod2KkkrBT8N8RkRv2YA--M,fcefb51b88bdc0debb4b54f288d0ea23ccf1193e,2
05753751,02997859,Carillion Private Finance Limited,2016-04-06,,false,ownership-of-shares-75-to-100-percent,Private Limited Company,Companies Act 2006,England & Wales,Companies House,corporate-entity-person-with-significant-control,https://api.company-information.service.gov.uk/company/05753751/persons-with-significant-control/corporate-entity/CmeHvJDzpVd0nvk2T-M8rnHV9Ao,7c2d58eb8de0a44f90a0b8074b19067edbdb5d63,2
05753751,02997859,Carillion Private Finance Limited,2016-04-06,,false,right-to-appoint-and-remove-directors,Private Limited Company,Companies Act 2006,England & Wales,Companies House,corporate-entity-person-with-significant-control,https://api.company-information.service.gov.uk/company/05753751/persons-with-significant-control/corporate-entity/CmeHvJDzpVd0nvk2T-M8rnHV9Ao,7c2d58eb8de0a44f90a0b8074b19067edbdb5d63,2
05753751,02997859,Carillion Private Finance Limited,2016-04-06,,false,voting-rights-75-to-100-percent,Private Limited Company,Companies Act 2006,England & Wales,Companies House,corporate-entity-person-with-significant-control,https://api.company-information.service.gov.uk/company/05753751/persons-with-significant-control/corporate-entity/CmeHvJDzpVd0nvk2T-M8rnHV9Ao,7c2d58eb8de0a44f90a0b8074b19067edbdb5d63,2
01577583,01270381,Carillion Construction Overseas Limited,2016-04-06,,false,ownership-of-shares-75-to-100-percent,Private Limited Company,Companies Act 2006,England & Wales,Companies House,corporate-entity-person-with-significant-control,https://api.company-information.service.gov.uk/company/01577583/persons-with-significant-control/corporate-entity/dC5DlVLPUVp0FQdHyyZX-EPT50E,821605b443a960e587891130c4be4dc21a5f3704,3
01577583,01270381,Carillion Construction Overseas Limited,2016-04-06,,false,right-to-appoint-and-remove-directors,Private Limited Company,Companies Act 2006,England & Wales,Companies House,corporate-entity-person-with-significant-control,https://api.company-information.service.gov.uk/company/01577583/persons-with-significant-control/corporate-entity/dC5DlVLPUVp0FQdHyyZX-EPT50E,821605b443a960e587891130c4be4dc21a5f3704,3
01577583,01270381,Carillion Construction Overseas Limited,2016-04-06,,false,voting-rights-75-to-100-percent,Private Limited Company,Companies Act 2006,England & Wales,Companies House,corporate-entity-person-with-significant-control,https://api.company-information.service.gov.uk/company/01577583/persons-with-significant-control/corporate-entity/dC5DlVLPUVp0FQdHyyZX-EPT50E,821605b443a960e587891130c4be4dc21a5f3704,3
05754891,03858865,Carillion Energy Services Limited,2016-04-06,,false,ownership-of-shares-75-to-100-percent,Private Limited Company,Companies Act 2006,England & Wales,Companies House,corporate-entity-person-with-significant-control,https://api.company-information.service.gov.uk/company/05754891/persons-with-significant-control/corporate-entity/IT_7HQ7ed2CWUVBIbkSKC23q8k4,9d296c530cf5e348ce8e6d4b0da130c15ed169a9,2
05754891,03858865,Carillion Energy Services Limited,2016-04-06,,false,right-to-appoint-and-remove-directors,Private Limited Company,Companies Act 2006,England & Wales,Companies House,corporate-entity-person-with-significant-control,https://api.company-information.service.gov.uk/company/05754891/persons-with-significant-control/corporate-entity/IT_7HQ7ed2CWUVBIbkSKC23q8k4,9d296c530cf5e348ce8e6d4b0da130c15ed169a9,2
05754891,03858865,Carillion Energy Services Limited,2016-04-06,,false,voting-rights-75-to-100-percent,Private Limited Company,Companies Act 2006,England & Wales,Companies House,corporate-entity-person-with-significant-control,https://api.company-information.service.gov.uk/company/05754891/persons-with-significant-control/corporate-entity/IT_7HQ7ed2CWUVBIbkSKC23q8k4,9d296c530cf5e348ce8e6d4b0da130c15ed169a9,2
14591257,OC432564,Stephenson Works Llp,2023-04-19,,false,ownership-of-shares-75-to-100-percent,Corporate,Limited Liability Partnerships Act 2000,England And Wales,Companies House,corporate-entity-person-with-significant-control,https://api.company-information.service.gov.uk/company/14591257/persons-with-significant-control/corporate-entity/wH0WGypYvZOK7HOtoCY290jythg,006913b262c506b10ab6a35a2a77c2106d409bc6,4
14591257,OC432564,Stephenson Works Llp,2023-04-19,,false,right-to-appoint-and-remove-directors,Corporate,Limited Liability Partnerships Act 2000,England And Wales,Companies House,corporate-entity-person-with-significant-control,https://api.company-information.service.gov.uk/company/14591257/persons-with-significant-control/corporate-entity/wH0WGypYvZOK7HOtoCY290jythg,006913b262c506b10ab6a35a2a77c2106d409bc6,4
14591257,OC432564,Stephenson Works Llp,2023-04-19,,false,voting-rights-75-to-100-percent,Corporate,Limited Liability Partnerships Act 2000,England And Wales,Companies House,corporate-entity-person-with-significant-control,https://api.company-information.service.gov.uk/company/14591257/persons-with-significant-control/corporate-entity/wH0WGypYvZOK7HOtoCY290jythg,006913b262c506b10ab6a35a2a77c2106d409bc6,4
14840096,08084031,Ask Real Estate Limited,2023-05-02,,false,ownership-of-shares-50-to-75-percent,Private Company Limited By Shares,Companies Act 2006,United Kingdom,Uk Register Of Companies,corporate-entity-person-with-significant-control,https://api.company-information.service.gov.uk/company/14840096/persons-with-significant-control/corporate-entity/OBrwZP9Ynx-NHMkZ1N4jpje2rsk,5a56a21233064879604444cc1b2268fbdb9e666c,3
14840096,08084031,Ask Real Estate Limited,2023-05-02,,false,right-to-appoint-and-remove-directors,Private Company Limited By Shares,Companies Act 2006,United Kingdom,Uk Register Of Companies,corporate-entity-person-with-significant-control,https://api.company-information.service.gov.uk/company/14840096/persons-with-significant-control/corporate-entity/OBrwZP9Ynx-NHMkZ1N4jpje2rsk,5a56a21233064879604444cc1b2268fbdb9e666c,3
14840096,08084031,Ask Real Estate Limited,2023-05-02,,false,voting-rights-50-to-75-percent,Private Company Limited By Shares,Companies Act 2006,United Kingdom,Uk Register Of Companies,corporate-entity-person-with-significant-control,https://api.company-information.service.gov.uk/company/14840096/persons-with-significant-control/corporate-entity/OBrwZP9Ynx-NHMkZ1N4jpje2rsk,5a56a21233064879604444cc1b2268fbdb9e666c,3
03485972,06190456,Carillion Wyse Holdings Limited,2016-04-06,,false,ownership-of-shares-25-to-50-percent,Private Limited Company,Companies Act 2006,England & Wales,Companies House,corporate-entity-person-with-significant-control,https://api.company-information.service.gov.uk/company/03485972/persons-with-significant-control/corporate-entity/lLXfvx2GH5ASCXKZ6zPPm2PBETY,38230b1951e441f1ae51aeaae0a97ddab5a7710c,3
03485972,06190456,Carillion Wyse Holdings Limited,2016-04-06,,false,voting-rights-25-to-50-percent,Private Limited Company,Companies Act 2006,England & Wales,Companies House,corporate-entity-person-with-significant-control,https://api.company-information.service.gov.uk/company/03485972/persons-with-significant-control/corporate-entity/lLXfvx2GH5ASCXKZ6zPPm2PBETY,38230b1951e441f1ae51aeaae0a97ddab5a7710c,3
09822736,02997859,Carillion Private Finance Limited,2016-04-06,,false,ownership-of-shares-75-to-100-percent,Limited By Shares,Companies Act 2006,England And Wales,Companies House,corporate-entity-person-with-significant-control,https://api.company-information.service.gov.uk/company/09822736/persons-with-significant-control/corporate-entity/3t3h1i2bUpdcLJBONQDLYX01NHU,52d0e34e60c93a6f30fbf5c777816714bc223e70,2
09822736,02997859,Carillion Private Finance Limited,2016-04-06,,false,right-to-appoint-and-remove-directors,Limited By Shares,Companies Act 2006,England And Wales,Companies House,corporate-entity-person-with-significant-control,https://api.company-information.service.gov.uk/company/09822736/persons-with-significant-control/corporate-entity/3t3h1i2bUpdcLJBONQDLYX01NHU,52d0e34e60c93a6f30fbf5c777816714bc223e70,2
09822736,02997859,Carillion Private Finance Limited,2016-04-06,,false,voting-rights-75-to-100-percent,Limited By Shares,Companies Act 2006,England And Wales,Companies House,corporate-entity-person-with-significant-control,https://api.company-information.service.gov.uk/company/09822736/persons-with-significant-control/corporate-entity/3t3h1i2bUpdcLJBONQDLYX01NHU,52d0e34e60c93a6f30fbf5c777816714bc223e70,2
OC432564,07211684,Pfp-Igloo (General Partner) Limited,2020-07-15,,false,right-to-appoint-and-remove-members-limited-liability-partnership,Company Limited By Shares,Companies Act 2006,United Kingdom,Companies House,corporate-entity-person-with-significant-control,https://api.company-information.service.gov.uk/company/OC432564/persons-with-significant-control/corporate-entity/eG3Xz-20cXT1ZIAPow-k1GPjpgE,dcb703ddf81dd46b1cf8c52fff843666532b9f72,3
OC432564,07211684,Pfp-Igloo (General Partner) Limited,2020-07-15,,false,right-to-share-surplus-assets-50-to-75-percent-limited-liability-partnership,Company Limited By Shares,Companies Act 2006,United Kingdom,Companies House,corporate-entity-person-with-significant-control,https://api.company-information.service.gov.uk/company/OC432564/persons-with-significant-control/corporate-entity/eG3Xz-20cXT1ZIAPow-k1GPjpgE,dcb703ddf81dd46b1cf8c52fff843666532b9f72,3
OC432564,07211684,Pfp-Igloo (General Partner) Limited,2020-07-15,,false,voting-rights-50-to-75-percent-limited-liability-partnership,Company Limited By Shares,Companies Act 2006,United Kingdom,Companies House,corporate-entity-person-with-significant-control,https://api.company-information.service.gov.uk/company/OC432564/persons-with-significant-control/corporate-entity/eG3Xz-20cXT1ZIAPow-k1GPjpgE,dcb703ddf81dd46b1cf8c52fff843666532b9f72,3
05769391,01469541,Carillion (Maple Oak) Limited,2016-04-06,2018-10-25,true,ownership-of-shares-25-to-50-percent,Private Limited Company,Companies Act 2006,England & Wales,Companies House,corporate-entity-person-with-significant-control,https://api.company-information.service.gov.uk/company/05769391/persons-with-significant-control/corporate-entity/KHsGpnnXtCI7-Masao0RXgvHwsc,08b254182ddede7477db4ccd8bded1616846369c,2
05769391,01469541,Carillion (Maple Oak) Limited,2016-04-06,2018-10-25,true,voting-rights-25-to-50-percent,Private Limited Company,Companies Act 2006,England & Wales,Companies House,corporate-entity-person-with-significant-control,https://api.company-information.service.gov.uk/company/05769391/persons-with-significant-control/corporate-entity/KHsGpnnXtCI7-Masao0RXgvHwsc,08b254182ddede7477db4ccd8bded1616846369c,2
SC014842,00077628,Carillion Jm Limited,2016-04-06,,false,ownership-of-shares-75-to-100-percent,Private Limited Company,Companies Act 2006,England & Wales,Companies House,corporate-entity-person-with-significant-control,https://api.company-information.service.gov.uk/company/SC014842/persons-with-significant-control/corporate-entity/uZexmZYxXVkqPS_OxDo630QBOa0,535b88047f30cb552a74901fde6d8b9ef4b0f4de,2
SC014842,00077628,Carillion Jm Limited,2016-04-06,,false,right-to-appoint-and-remove-directors,Private Limited Company,Companies Act 2006,England & Wales,Companies House,corporate-entity-person-with-significant-control,https://api.company-information.service.gov.uk/company/SC014842/persons-with-significant-control/corporate-entity/uZexmZYxXVkqPS_OxDo630QBOa0,535b88047f30cb552a74901fde6d8b9ef4b0f4de,2
SC014842,00077628,Carillion Jm Limited,2016-04-06,,false,voting-rights-75-to-100-percent,Private Limited Company,Companies Act 2006,England & Wales,Companies House,corporate-entity-person-with-significant-control,https://api.company-information.service.gov.uk/company/SC014842/persons-with-significant-control/corporate-entity/uZexmZYxXVkqPS_OxDo630QBOa0,535b88047f30cb552a74901fde6d8b9ef4b0f4de,2
11059403,OC392861,Ask Richardson Developments Llp,2017-11-13,,false,ownership-of-shares-25-to-50-percent,Limited Liability Partnership,Limited Liability Partnership Act 2000,United Kingdom,England And Wales,corporate-entity-person-with-significant-control,https://api.company-information.service.gov.uk/company/11059403/persons-with-significant-control/corporate-entity/3l6eXWZReZUGXweyYi-F8cZ4uhA,8d4114880cb49f7a216e68e9259ae85f677a68b9,4
11059403,OC392861,Ask Richardson Developments Llp,2017-11-13,,false,voting-rights-25-to-50-percent,Limited Liability Partnership,Limited Liability Partnership Act 2000,United Kingdom,England And Wales,corporate-entity-person-with-significant-control,https://api.company-information.service.gov.uk/company/11059403/persons-with-significant-control/corporate-entity/3l6eXWZReZUGXweyYi-F8cZ4uhA,8d4114880cb49f7a216e68e9259ae85f677a68b9,4
10757831,00594581,Carillion Construction Limited,2017-05-08,,false,ownership-of-shares-75-to-100-percent,Private Limited Company,Companies Act 2006,England & Wales,Companies House,corporate-entity-person-with-significant-control,https://api.company-information.service.gov.uk/company/10757831/persons-with-significant-control/corporate-entity/WP2VUPluTT3JH4zbg550_IZ-B5M,f29f7b346edc0ab7c82030cbc74d7b033f0dd0e1,2
10757831,00594581,Carillion Construction Limited,2017-05-08,,false,voting-rights-75-to-100-percent,Private Limited Company,Companies Act 2006,England & Wales,Companies House,corporate-entity-person-with-significant-control,https://api.company-information.service.gov.uk/company/10757831/persons-with-significant-control/corporate-entity/WP2VUPluTT3JH4zbg550_IZ-B5M,f29f7b346edc0ab7c82030cbc74d7b033f0dd0e1,2
09008001,08084031,Ask Real Estate Limited,2016-04-06,,false,ownership-of-shares-75-to-100-percent,Private Limited Company,Companies Act 2006,England,Companies House,corporate-entity-person-with-significant-control,https://api.company-information.service.gov.uk/company/09008001/persons-with-significant-control/corporate-entity/_0IRFUexe_-stFOVrV1KRUshOJ4,fef8665dc14f42c49ff153288d6298fa1d56a79b,3
09008001,08084031,Ask Real Estate Limited,2016-04-06,,false,voting-rights-75-to-100-percent,Private Limited Company,Companies Act 2006,England,Companies House,corporate-entity-person-with-significant-control,https://api.company-information.service.gov.uk/company/09008001/persons-with-significant-control/corporate-entity/_0IRFUexe_-stFOVrV1KRUshOJ4,fef8665dc14f42c49ff153288d6298fa1d56a79b,3
03130297,00077628,Carillion Jm Limited,2016-04-06,,false,ownership-of-shares-75-to-100-percent,Private Limited Company,Companies Act 2006,England & Wales,Companies House,corporate-entity-person-with-significant-control,https://api.company-information.service.gov.uk/company/03130297/persons-with-significant-control/corporate-entity/f1xTMMbvMgdfoTtbHG9NpF5pqw0,e3bcecdad34fc2046d66d85a0a774cb72e55bf7d,2
03130297,00077628,Carillion Jm Limited,2016-04-06,,false,right-to-appoint-and-remove-directors,Private Limited Company,Companies Act 2006,England & Wales,Companies House,corporate-entity-person-with-significant-control,https://api.company-information.service.gov.uk/company/03130297/persons-with-significant-control/corporate-entity/f1xTMMbvMgdfoTtbHG9NpF5pqw0,e3bcecdad34fc2046d66d85a0a774cb72e55bf7d,2
03130297,00077628,Carillion Jm Limited,2016-04-06,,false,voting-rights-75-to-100-percent,Private Limited Company,Companies Act 2006,England & Wales,Companies House,corporate-entity-person-with-significant-control,https://api.company-information.service.gov.uk/company/03130297/persons-with-significant-control/corporate-entity/f1xTMMbvMgdfoTtbHG9NpF5pqw0,e3bcecdad34fc2046d66d85a0a774cb72e55bf7d,2
04322876,00594581,Carillion Construction Limited,2016-04-06,,false,ownership-of-shares-75-to-100-percent,Private Limited Company,Companies Act 2006,England & Wales,Companies House,corporate-entity-person-with-significant-control,https://api.company-information.service.gov.uk/company/04322876/persons-with-significant-control/corporate-entity/cv7QzmBTctV3u61smF1HoA9IDDI,17130a5fb48674de9e296d0c1179efe0d8b50dc6,2
04322876,00594581,Carillion Construction Limited,2016-04-06,,false,right-to-appoint-and-remove-directors,Private Limited Company,Companies Act 2006,England & Wales,Companies House,corporate-entity-person-with-significant-control,https://api.company-information.service.gov.uk/company/04322876/persons-with-significant-control/corporate-entity/cv7QzmBTctV3u61smF1HoA9IDDI,17130a5fb48674de9e296d0c1179efe0d8b50dc6,2
04322876,00594581,Carillion Construction Limited,2016-04-06,,false,voting-rights-75-to-100-percent,Private Limited Company,Companies Act 2006,England & Wales,Companies House,corporate-entity-person-with-significant-control,https://api.company-information.service.gov.uk/company/04322876/persons-with-significant-control/corporate-entity/cv7QzmBTctV3u61smF1HoA9IDDI,17130a5fb48674de9e296d0c1179efe0d8b50dc6,2
02112970,03782379,Carillion Plc,2016-04-06,,false,ownership-of-shares-75-to-100-percent,Public Limited Company,Companies Act 2006,England & Wales,Companies House,corporate-entity-person-with-significant-control,https://api.company-information.service.gov.uk/company/02112970/persons-with-significant-control/corporate-entity/CVwfD1FzPyV4a5qqDNuc0CF12BM,a7f64314b6574f7e6ca438710c619080116aa090,1
02112970,03782379,Carillion Plc,2016-04-06,,false,right-to-appoint-and-remove-directors,Public Limited Company,Companies Act 2006,England & Wales,Companies House,corporate-entity-person-with-significant-control,https://api.company-information.service.gov.uk/company/02112970/persons-with-significant-control/corporate-entity/CVwfD1FzPyV4a5qqDNuc0CF12BM,a7f64314b6574f7e6ca438710c619080116aa090,1
02112970,03782379,Carillion Plc,2016-04-06,,false,voting-rights-75-to-100-percent,Public Limited Company,Companies Act 2006,England & Wales,Companies House,corporate-entity-person-with-significant-control,https://api.company-information.service.gov.uk/company/02112970/persons-with-significant-control/corporate-entity/CVwfD1FzPyV4a5qqDNuc0CF12BM,a7f64314b6574f7e6ca438710c619080116aa090,1
04435931,03783015,Carillion Cr Limited,2016-04-06,,false,ownership-of-shares-25-to-50-percent,Private Limited Company,Companies Act 2006,England & Wales,Companies House,corporate-entity-person-with-significant-control,https://api.company-information.service.gov.uk/company/04435931/persons-with-significant-control/corporate-entity/cqHzcjGI5Rwn8AkXI9itMGRZrUA,a67dee7bf1de9290bf26049e63b9437f9045c1cc,3
04435931,03783015,Carillion Cr Limited,2016-04-06,,false,voting-rights-25-to-50-percent,Private Limited Company,Companies Act 2006,England & Wales,Companies House,corporate-entity-person-with-significant-control,https://api.company-information.service.gov.uk/company/04435931/persons-with-significant-control/corporate-entity/cqHzcjGI5Rwn8AkXI9itMGRZrUA,a67dee7bf1de9290bf26049e63b9437f9045c1cc,3
01528870,01367044,Carillion (Am) Limited,2016-04-06,,false,ownership-of-shares-75-to-100-percent,Private Limited Company,Companies Act 2006,England & Wales,Companies House,corporate-entity-person-with-significant-control,https://api.company-information.service.gov.uk/company/01528870/persons-with-significant-control/corporate-entity/NvV8DxMAXOSehmHb6G9e-sqc-H0,e2f49bcc574980382fc6d25e2100567ec268e236,2
01528870,01367044,Carillion (Am) Limited,2016-04-06,,false,right-to-appoint-and-remove-directors,Private Limited Company,Companies Act 2006,England & Wales,Companies House,corporate-entity-person-with-significant-control,https://api.company-information.service.gov.uk/company/01528870/persons-with-significant-control/corporate-entity/NvV8DxMAXOSehmHb6G9e-sqc-H0,e2f49bcc574980382fc6d25e2100567ec268e236,2
01528870,01367044,Carillion (Am) Limited,2016-04-06,,false,voting-rights-75-to-100-percent,Private Limited Company,Companies Act 2006,England & Wales,Companies House,corporate-entity-person-with-significant-control,https://api.company-information.service.gov.uk/company/01528870/persons-with-significant-control/corporate-entity/NvV8DxMAXOSehmHb6G9e-sqc-H0,e2f49bcc574980382fc6d25e2100567ec268e236,2
01469541,00077628,Carillion Jm Limited,2016-04-06,2018-12-12,true,ownership-of-shares-75-to-100-percent,Private Limited Company,Companies Act 2006,England & Wales,Companies House,corporate-entity-person-with-significant-control,https://api.company-information.service.gov.uk/company/01469541/persons-with-significant-control/corporate-entity/0uiry6gCcKSdaJMR4GbOWhRkUoU,e0c3a7bcbe13d54f4edea977a785317773e0d5ea,2
01469541,00077628,Carillion Jm Limited,2016-04-06,2018-12-12,true,right-to-appoint-and-remove-directors,Private Limited Company,Companies Act 2006,England & Wales,Companies House,corporate-entity-person-with-significant-control,https://api.company-information.service.gov.uk/company/01469541/persons-with-significant-control/corporate-entity/0uiry6gCcKSdaJMR4GbOWhRkUoU,e0c3a7bcbe13d54f4edea977a785317773e0d5ea,2
01469541,00077628,Carillion Jm Limited,2016-04-06,2018-12-12,true,voting-rights-75-to-100-percent,Private Limited Company,Companies Act 2006,England & Wales,Companies House,corporate-entity-person-with-significant-control,https://api.company-information.service.gov.uk/company/01469541/persons-with-significant-control/corporate-entity/0uiry6gCcKSdaJMR4GbOWhRkUoU,e0c3a7bcbe13d54f4edea977a785317773e0d5ea,2
02319285,01367044,Carillion (Am) Limited,2016-04-06,,false,ownership-of-shares-25-to-50-percent,Limited By Shares,United Kingdom (England),United Kingdom (England),Companies House,corporate-entity-person-with-significant-control,https://api.company-information.service.gov.uk/company/02319285/persons-with-significant-control/corporate-entity/-IUocf4HFG2_7030hQEEJUMuNeM,44ad4d6a0fa3b1ff11928c262bdfaf63fc8a85e3,2
02319285,01367044,Carillion (Am) Limited,2016-04-06,,false,voting-rights-25-to-50-percent,Limited By Shares,United Kingdom (England),United Kingdom (England),Companies House,corporate-entity-person-with-significant-control,https://api.company-information.service.gov.uk/company/02319285/persons-with-significant-control/corporate-entity/-IUocf4HFG2_7030hQEEJUMuNeM,44ad4d6a0fa3b1ff11928c262bdfaf63fc8a85e3,2
05704254,05704064,Carillion (Aspire Services) Holdings Limited,2016-04-06,,false,ownership-of-shares-75-to-100-percent,Private Limited Company,Companies Act 2006,England & Wales,Companies House,corporate-entity-person-with-significant-control,https://api.company-information.service.gov.uk/company/05704254/persons-with-significant-control/corporate-entity/oMmuy2QipCkUZ33jgymjAqamnEM,9e35706aaed0d2b92d66b93e23e94261b10a218c,4
05704254,05704064,Carillion (Aspire Services) Holdings Limited,2016-04-06,,false,voting-rights-75-to-100-percent,Private Limited Company,Companies Act 2006,England & Wales,Companies House,corporate-entity-person-with-significant-control,https://api.company-information.service.gov.uk/company/05704254/persons-with-significant-control/corporate-entity/oMmuy2QipCkUZ33jgymjAqamnEM,9e35706aaed0d2b92d66b93e23e94261b10a218c,4
05704135,05704083,Carillion (Aspire Construction) Holdings Limited,2016-04-06,,false,ownership-of-shares-75-to-100-percent,Private Limited Company,Companies Act 2006,England & Wales,Companies House,corporate-entity-person-with-significant-control,https://api.company-information.service.gov.uk/company/05704135/persons-with-significant-control/corporate-entity/rbR5klObjL7BWvrdtMMkOFmCfLE,6e6e96d96e61c92c3e03722797377d05d2bf5b96,4
05704135,05704083,Carillion (Aspire Construction) Holdings Limited,2016-04-06,,false,right-to-appoint-and-remove-directors,Private Limited Company,Companies Act 2006,England & Wales,Companies House,corporate-entity-person-with-significant-control,https://api.company-information.service.gov.uk/company/05704135/persons-with-significant-control/corporate-entity/rbR5klObjL7BWvrdtMMkOFmCfLE,6e6e96d96e61c92c3e03722797377d05d2bf5b96,4
05704135,05704083,Carillion (Aspire Construction) Holdings Limited,2016-04-06,,false,voting-rights-75-to-100-percent,Private Limited Company,Companies Act 2006,England & Wales,Companies House,corporate-entity-person-with-significant-control,https://api.company-information.service.gov.uk/company/05704135/persons-with-significant-control/corporate-entity/rbR5klObjL7BWvrdtMMkOFmCfLE,6e6e96d96e61c92c3e03722797377d05d2bf5b96,4
01521006,01367044,Carillion (Am) Limited,2016-04-06,,false,ownership-of-shares-75-to-100-percent,Private Limited Company,Companies Act 2006,England & Wales,Companies House,corporate-entity-person-with-significant-control,https://api.company-information.service.gov.uk/company/01521006/persons-with-significant-control/corporate-entity/OIUaOaM-QUdVGi86tCNmnAgXdBk,e80e1f3387c2bb2a3fabca30084fa0d7efe0ddb0,2
01521006,01367044,Carillion (Am) Limited,2016-04-06,,false,right-to-appoint-and-remove-directors,Private Limited Company,Companies Act 2006,England & Wales,Companies House,corporate-entity-person-with-significant-control,https://api.company-information.service.gov.uk/company/01521006/persons-with-significant-control/corporate-entity/OIUaOaM-QUdVGi86tCNmnAgXdBk,e80e1f3387c2bb2a3fabca30084fa0d7efe0ddb0,2
01521006,01367044,Carillion (Am) Limited,2016-04-06,,false,voting-rights-75-to-100-percent,Private Limited Company,Companies Act 2006,England & Wales,Companies House,corporate-entity-person-with-significant-control,https://api.company-information.service.gov.uk/company/01521006/persons-with-significant-control/corporate-entity/OIUaOaM-QUdVGi86tCNmnAgXdBk,e80e1f3387c2bb2a3fabca30084fa0d7efe0ddb0,2
05704064,05704172,Carillion (Aspire Services) Holdings No.2 Limited,2016-04-06,,false,ownership-of-shares-75-to-100-percent,Private Limited Company,Companies Act 2006,England & Wales,Companies House,corporate-entity-person-with-significant-control,https://api.company-information.service.gov.uk/company/05704064/persons-with-significant-control/corporate-entity/2fnyebpQisaM6IEjcTWxoVf0nQI,5f7d81d443dc13834f3f18a6b053eadee0ce73f2,3
05704064,05704172,Carillion (Aspire Services) Holdings No.2 Limited,2016-04-06,,false,right-to-appoint-and-remove-directors,Private Limited Company,Companies Act 2006,England & Wales,Companies House,corporate-entity-person-with-significant-control,https://api.company-information.service.gov.uk/company/05704064/persons-with-significant-control/corporate-entity/2fnyebpQisaM6IEjcTWxoVf0nQI,5f7d81d443dc13834f3f18a6b053eadee0ce73f2,3
05704064,05704172,Carillion (Aspire Services) Holdings No.2 Limited,2016-04-06,,false,voting-rights-75-to-100-percent,Private Limited Company,Companies Act 2006,England & Wales,Companies House,corporate-entity-person-with-significant-control,https://api.company-information.service.gov.uk/company/05704064/persons-with-significant-control/corporate-entity/2fnyebpQisaM6IEjcTWxoVf0nQI,5f7d81d443dc13834f3f18a6b053eadee0ce73f2,3
OC394707,01469541,Carillion (Maple Oak) Limited,2016-04-06,2019-03-08,true,voting-rights-25-to-50-percent-limited-liability-partnership,Limited Company,Companies Act,West Midlands,England,corporate-entity-person-with-significant-control,https://api.company-information.service.gov.uk/company/OC394707/persons-with-significant-control/corporate-entity/1SjbpHSRqJxyfoFsV7I1c5DqL0E,ad10a410b18fb1eee8b6a4dddee053d3722726de,3
05501004,00737307,Planned Maintenance Engineering Limited,2016-04-06,,false,significant-influence-or-control,Private Limited Company,Companies Act 2006,England,Companies House,corporate-entity-person-with-significant-control,https://api.company-information.service.gov.uk/company/05501004/persons-with-significant-control/corporate-entity/5MWuBiQw9bvGSTbuJigJI5lUUGU,3e7cbf61d823499f9e7016af8822d10375248927,2
OC392861,01469541,Carillion (Maple Oak) Limited,2016-04-06,2017-10-30,true,significant-influence-or-control-limited-liability-partnership,Private Limited Company,Companies Act 2006,England & Wales,Companies House,corporate-entity-person-with-significant-control,https://api.company-information.service.gov.uk/company/OC392861/persons-with-significant-control/corporate-entity/NL8NtsMbhJYPnkHyOqXgaDL0T6k,c2c7da9e2df715690d139a5e1dd3a7dc018fd734,3
OC392861,09008001,Ask Real Estate (Investments) Limited,2016-04-06,,false,significant-influence-or-control-limited-liability-partnership,Private Limited Company,Companies Act 2006,England,Companies House,corporate-entity-person-with-significant-control,https://api.company-information.service.gov.uk/company/OC392861/persons-with-significant-control/corporate-entity/hYpfPwB_Pz2bMyqsJHJBMscqZGI,a0493c7ca1fcb3b71c65d7edb878ac413e409b69,3
00416147,01367044,Carillion (Am) Limited,2016-04-06,,false,ownership-of-shares-75-to-100-percent,Limited By Shares,Companies Act 2006,England & Wales,Companies House,corporate-entity-person-with-significant-control,https://api.company-information.service.gov.uk/company/00416147/persons-with-significant-control/corporate-entity/Q1CQQpYr7v7rsiN3QNluzeJGFtY,3585754e5395fbe07a421bbe46cf5dbbe1accc00,2
00416147,01367044,Carillion (Am) Limited,2016-04-06,,false,right-to-appoint-and-remove-directors,Limited By Shares,Companies Act 2006,England & Wales,Companies House,corporate-entity-person-with-significant-control,https://api.company-information.service.gov.uk/company/00416147/persons-with-significant-control/corporate-entity/Q1CQQpYr7v7rsiN3QNluzeJGFtY,3585754e5395fbe07a421bbe46cf5dbbe1accc00,2
00416147,01367044,Carillion (Am) Limited,2016-04-06,,false,voting-rights-75-to-100-percent,Limited By Shares,Companies Act 2006,England & Wales,Companies House,corporate-entity-person-with-significant-control,https://api.company-information.service.gov.uk/company/00416147/persons-with-significant-control/corporate-entity/Q1CQQpYr7v7rsiN3QNluzeJGFtY,3585754e5395fbe07a421bbe46cf5dbbe1accc00,2
01808326,01367044,Carillion (Am) Limited,2016-04-06,,false,ownership-of-shares-75-to-100-percent,Limited By Shares,Companies Act 2006,England & Wales,Companies House,corporate-entity-person-with-significant-control,https://api.company-information.service.gov.uk/company/01808326/persons-with-significant-control/corporate-entity/xBp_zfax_N7_FrLSAXC0JaEVVVs,d67138bb29ab7c9559f36372de8e8134a022a64c,2
01808326,01367044,Carillion (Am) Limited,2016-04-06,,false,voting-rights-75-to-100-percent,Limited By Shares,Companies Act 2006,England & Wales,Companies House,corporate-entity-person-with-significant-control,https://api.company-information.service.gov.uk/company/01808326/persons-with-significant-control/corporate-entity/xBp_zfax_N7_FrLSAXC0JaEVVVs,d67138bb29ab7c9559f36372de8e8134a022a64c,2
04364773,00077628,Carillion Jm Limited,2016-04-06,,false,ownership-of-shares-25-to-50-percent,Private Limited Company,Companies Act 2006,England & Wales,Companies House,corporate-entity-person-with-significant-control,https://api.company-information.service.gov.uk/company/04364773/persons-with-significant-control/corporate-entity/V4es4wvSs1x2kzm5-8_jY7iAgDo,6257516cab3c2f700f12202eb2899fb3ff58dda3,2
04364773,00077628,Carillion Jm Limited,2016-04-06,,false,voting-rights-25-to-50-percent,Private Limited Company,Companies Act 2006,England & Wales,Companies House,corporate-entity-person-with-significant-control,https://api.company-information.service.gov.uk/company/04364773/persons-with-significant-control/corporate-entity/V4es4wvSs1x2kzm5-8_jY7iAgDo,6257516cab3c2f700f12202eb2899fb3ff58dda3,2
09598377,09598536,Psbp Midlands (Holdings) Limited,2016-04-06,2019-04-30,true,ownership-of-shares-75-to-100-percent,Private Limited Company,Companies Act 2006,England & Wales,Companies House,corporate-entity-person-with-significant-control,https://api.company-information.service.gov.uk/company/09598377/persons-with-significant-control/corporate-entity/c9AIiLJJgUS_GgJsFhEJvwKVAyY,1704d8bbffd5dfb154f580e6e6a93ed13c82c077,4
09598377,09598536,Psbp Midlands (Holdings) Limited,2016-04-06,2019-04-30,true,voting-rights-75-to-100-percent,Private Limited Company,Companies Act 2006,England & Wales,Companies House,corporate-entity-person-with-significant-control,https://api.company-information.service.gov.uk/company/09598377/persons-with-significant-control/corporate-entity/c9AIiLJJgUS_GgJsFhEJvwKVAyY,1704d8bbffd5dfb154f580e6e6a93ed13c82c077,4
00594581,03782379,Carillion Plc,2016-04-06,,false,ownership-of-shares-75-to-100-percent,Public Limited Company,Companies Act 2006,England & Wales,Companies House,corporate-entity-person-with-significant-control,https://api.company-information.service.gov.uk/company/00594581/persons-with-significant-control/corporate-entity/2ymgzihg03OHUVxAco3oC1z_2FQ,8543176ff4e8ce5737a06c1ab149b6b11f397ff2,1
00594581,03782379,Carillion Plc,2016-04-06,,false,right-to-appoint-and-remove-directors,Public Limited Company,Companies Act 2006,England & Wales,Companies House,corporate-entity-person-with-significant-control,https://api.company-information.service.gov.uk/company/00594581/persons-with-significant-control/corporate-entity/2ymgzihg03OHUVxAco3oC1z_2FQ,8543176ff4e8ce5737a06c1ab149b6b11f397ff2,1
00594581,03782379,Carillion Plc,2016-04-06,,false,voting-rights-75-to-100-percent,Public Limited Company,Companies Act 2006,England & Wales,Companies House,corporate-entity-person-with-significant-control,https://api.company-information.service.gov.uk/company/00594581/persons-with-significant-control/corporate-entity/2ymgzihg03OHUVxAco3oC1z_2FQ,8543176ff4e8ce5737a06c1ab149b6b11f397ff2,1
09598536,09684392,Carillion Private Finance (Education) 2015 Limited,2016-04-06,,false,ownership-of-shares-25-to-50-percent,Private Limited Company,Companies Act 2006,England & Wales,Companies House,corporate-entity-person-with-significant-control,https://api.company-information.service.gov.uk/company/09598536/persons-with-significant-control/corporate-entity/fDqOf-icsmp2Fmb35IFRq0wamoA,f35d340c8a3cd5b6f9dc803bfa4f4242be56f3e6,3
09598536,09684392,Carillion Private Finance (Education) 2015 Limited,2016-04-06,,false,voting-rights-25-to-50-percent,Private Limited Company,Companies Act 2006,England & Wales,Companies House,corporate-entity-person-with-significant-control,https://api.company-information.service.gov.uk/company/09598536/persons-with-significant-control/corporate-entity/fDqOf-icsmp2Fmb35IFRq0wamoA,f35d340c8a3cd5b6f9dc803bfa4f4242be56f3e6,3
08084031,00594581,Carillion Construction Limited,2016-04-06,2017-10-30,true,ownership-of-shares-50-to-75-percent,Private Limited Company,Companies Act 2006,England,Companies House,corporate-entity-person-with-significant-control,https://api.company-information.service.gov.uk/company/08084031/persons-with-significant-control/corporate-entity/bt5XpoYSjtzo0XvC_To_7NPfK_A,73a459625d73a1fa660c926a63f2443408698164,2
08084031,00594581,Carillion Construction Limited,2016-04-06,2017-10-30,true,voting-rights-50-to-75-percent,Private Limited Company,Companies Act 2006,England,Companies House,corporate-entity-person-with-significant-control,https://api.company-information.service.gov.uk/company/08084031/persons-with-significant-control/corporate-entity/bt5XpoYSjtzo0XvC_To_7NPfK_A,73a459625d73a1fa660c926a63f2443408698164,2
00775010,00077628,Carillion Jm Limited,2016-04-06,,false,ownership-of-shares-75-to-100-percent,Private Limited Company,Companies Act 2006,England & Wales,Companies House,corporate-entity-person-with-significant-control,https://api.company-information.service.gov.uk/company/00775010/persons-with-significant-control/corporate-entity/gd-FBxnM0Pg3zFMC1yIlvx0WAXo,4d3b7b929f93df444d2756ca2bce8924aeb69c13,2
00775010,00077628,Carillion Jm Limited,2016-04-06,,false,voting-rights-75-to-100-percent,Private Limited Company,Companies Act 2006,England & Wales,Companies House,corporate-entity-person-with-significant-control,https://api.company-information.service.gov.uk/company/00775010/persons-with-significant-control/corporate-entity/gd-FBxnM0Pg3zFMC1yIlvx0WAXo,4d3b7b929f93df444d2756ca2bce8924aeb69c13,2
01417540,01367044,Carillion (Am) Limited,2016-04-06,,false,ownership-of-shares-75-to-100-percent,Private Limited Company,Companies Act 2006,England,Companies House,corporate-entity-person-with-significant-control,https://api.company-information.service.gov.uk/company/01417540/persons-with-significant-control/corporate-entity/9pJuAoMjuzPj8idaPm2F7e2cXU4,5412147fd40da7a0bdef8b1b572f36e0360fdb24,2
04556471,00077628,Carillion Jm Limited,2016-04-06,2018-04-18,true,ownership-of-shares-25-to-50-percent,Private Limited Company,Companies Act 2006,England & Wales,Companies House,corporate-entity-person-with-significant-control,https://api.company-information.service.gov.uk/company/04556471/persons-with-significant-control/corporate-entity/pE1jUrb_XC-cpL_zEWsGDcosKBg,484770d2e73f74e8d6c81afbbcddac41c1523a13,2
04556471,00077628,Carillion Jm Limited,2016-04-06,2018-04-18,true,voting-rights-25-to-50-percent,Private Limited Company,Companies Act 2006,England & Wales,Companies House,corporate-entity-person-with-significant-control,https://api.company-information.service.gov.uk/company/04556471/persons-with-significant-control/corporate-entity/pE1jUrb_XC-cpL_zEWsGDcosKBg,484770d2e73f74e8d6c81afbbcddac41c1523a13,2
00737307,03782379,Carillion Plc,2016-04-06,,false,ownership-of-shares-75-to-100-percent,Public Limited Company,Companies Act 2006,England,Companies House,corporate-entity-person-with-significant-control,https://api.company-information.service.gov.uk/company/00737307/persons-with-significant-control/corporate-entity/WCvxjn58dO1VhRfeYSW_GacMI5A,a075fe6d4e301ab56367c54ff1086c079061b96b,1
00737307,03782379,Carillion Plc,2016-04-06,,false,right-to-appoint-and-remove-directors,Public Limited Company,Companies Act 2006,England,Companies House,corporate-entity-person-with-significant-control,https://api.company-information.service.gov.uk/company/00737307/persons-with-significant-control/corporate-entity/WCvxjn58dO1VhRfeYSW_GacMI5A,a075fe6d4e301ab56367c54ff1086c079061b96b,1
00737307,03782379,Carillion Plc,2016-04-06,,false,voting-rights-75-to-100-percent,Public Limited Company,Companies Act 2006,England,Companies House,corporate-entity-person-with-significant-control,https://api.company-information.service.gov.uk/company/00737307/persons-with-significant-control/corporate-entity/WCvxjn58dO1VhRfeYSW_GacMI5A,a075fe6d4e301ab56367c54ff1086c079061b96b,1
06607841,03679838,Carillion Integrated Services Limited,2016-04-06,,false,voting-rights-75-to-100-percent,Private Limited Company,Companies Act 2006,England,Companies House,corporate-entity-person-with-significant-control,https://api.company-information.service.gov.uk/company/06607841/persons-with-significant-control/corporate-entity/muETnDV3L5Ihsw_38tN7xvaQ2-0,c866be5e71a81b42c34b6bd7b29827356d5095be,3
04448876,03858865,Carillion Energy Services Limited,2016-04-06,,false,ownership-of-shares-75-to-100-percent,Private Limited Company,Companies Act 2006,England,Companies House,corporate-entity-person-with-significant-control,https://api.company-information.service.gov.uk/company/04448876/persons-with-significant-control/corporate-entity/vGnEDk3ecCCGIdzIPLIGEXW9VDk,20a79e0c55250a18922a304800258efcd23ce59c,2
04448876,03858865,Carillion Energy Services Limited,2016-04-06,,false,right-to-appoint-and-remove-directors,Private Limited Company,Companies Act 2006,England,Companies House,corporate-entity-person-with-significant-control,https://api.company-information.service.gov.uk/company/04448876/persons-with-significant-control/corporate-entity/vGnEDk3ecCCGIdzIPLIGEXW9VDk,20a79e0c55250a18922a304800258efcd23ce59c,2
04448876,03858865,Carillion Energy Services Limited,2016-04-06,,false,voting-rights-75-to-100-percent,Private Limited Company,Companies Act 2006,England,Companies House,corporate-entity-person-with-significant-control,https://api.company-information.service.gov.uk/company/04448876/persons-with-significant-control/corporate-entity/vGnEDk3ecCCGIdzIPLIGEXW9VDk,20a79e0c55250a18922a304800258efcd23ce59c,2
14185594,10027959,Salboy Central Limited,2022-06-21,,false,ownership-of-shares-75-to-100-percent,Private Company Limited By Shares,Companies Act 2006,England,Uk Register Of Companies,corporate-entity-person-with-significant-control,https://api.company-information.service.gov.uk/company/14185594/persons-with-significant-control/corporate-entity/v2zqtFCkZk-Z1J_3qiouLbyTbpU,2b68f0d4b524900962949ef050e599746124adf5,4
14185594,10027959,Salboy Central Limited,2022-06-21,,false,right-to-appoint-and-remove-directors,Private Company Limited By Shares,Companies Act 2006,England,Uk Register Of Companies,corporate-entity-person-with-significant-control,https://api.company-information.service.gov.uk/company/14185594/persons-with-significant-control/corporate-entity/v2zqtFCkZk-Z1J_3qiouLbyTbpU,2b68f0d4b524900962949ef050e599746124adf5,4
14185594,10027959,Salboy Central Limited,2022-06-21,,false,voting-rights-75-to-100-percent,Private Company Limited By Shares,Companies Act 2006,England,Uk Register Of Companies,corporate-entity-person-with-significant-control,https://api.company-information.service.gov.uk/company/14185594/persons-with-significant-control/corporate-entity/v2zqtFCkZk-Z1J_3qiouLbyTbpU,2b68f0d4b524900962949ef050e599746124adf5,4
15601092,10027959,Salboy Central Limited,2024-03-28,,false,right-to-appoint-and-remove-directors,Corporate,United Kingdom (England And Wales),England And Wales,Companies House,corporate-entity-person-with-significant-control,https://api.company-information.service.gov.uk/company/15601092/persons-with-significant-control/corporate-entity/PwI7Kz9U3uWQbRgGrdz-AcDEWS8,cf4360bd413cc2141dd5103521c4c093f410da4a,4
15601092,10027959,Salboy Central Limited,2024-03-28,,false,voting-rights-75-to-100-percent,Corporate,United Kingdom (England And Wales),England And Wales,Companies House,corporate-entity-person-with-significant-control,https://api.company-information.service.gov.uk/company/15601092/persons-with-significant-control/corporate-entity/PwI7Kz9U3uWQbRgGrdz-AcDEWS8,cf4360bd413cc2141dd5103521c4c093f410da4a,4
02684154,00077628,Carillion Jm Limited,2016-04-06,,false,ownership-of-shares-75-to-100-percent,Private Limited Company,Companies Act 2006,England & Wales,Companies House,corporate-entity-person-with-significant-control,https://api.company-information.service.gov.uk/company/02684154/persons-with-significant-control/corporate-entity/cydADinI4eKl7WzRiaOMSnWWwF8,cc5fa97801268e3af9728f762723d2ba1e6bdac3,2
02684154,00077628,Carillion Jm Limited,2016-04-06,,false,right-to-appoint-and-remove-directors,Private Limited Company,Companies Act 2006,England & Wales,Companies House,corporate-entity-person-with-significant-control,https://api.company-information.service.gov.uk/company/02684154/persons-with-significant-control/corporate-entity/cydADinI4eKl7WzRiaOMSnWWwF8,cc5fa97801268e3af9728f762723d2ba1e6bdac3,2
02684154,00077628,Carillion Jm Limited,2016-04-06,,false,voting-rights-75-to-100-percent,Private Limited Company,Companies Act 2006,England & Wales,Companies House,corporate-entity-person-with-significant-control,https://api.company-information.service.gov.uk/company/02684154/persons-with-significant-control/corporate-entity/cydADinI4eKl7WzRiaOMSnWWwF8,cc5fa97801268e3af9728f762723d2ba1e6bdac3,2
06404734,08084031,Ask Real Estate Limited,2016-04-06,2017-03-28,true,ownership-of-shares-75-to-100-percent,Private Limited Company,Companies Act 2006,England & Wales,Companies House,corporate-entity-person-with-significant-control,https://api.company-information.service.gov.uk/company/06404734/persons-with-significant-control/corporate-entity/vXkm0hoL0DF2WaeUQr3Oi2z3U9s,9659725ded35cf8e01628ad1420d0308f1048ec1,3
06404734,08084031,Ask Real Estate Limited,2016-04-06,2017-03-28,true,voting-rights-75-to-100-percent,Private Limited Company,Companies Act 2006,England & Wales,Companies House,corporate-entity-person-with-significant-control,https://api.company-information.service.gov.uk/company/06404734/persons-with-significant-control/corporate-entity/vXkm0hoL0DF2WaeUQr3Oi2z3U9s,9659725ded35cf8e01628ad1420d0308f1048ec1,3
09961994,02997859,Carillion Private Finance Limited,2016-04-06,,false,ownership-of-shares-75-to-100-percent,Private Limited Company,Companies Act 2006,England & Wales,Companies House,corporate-entity-person-with-significant-control,https://api.company-information.service.gov.uk/company/09961994/persons-with-significant-control/corporate-entity/u-G39A8PySSwCK_OP9lWhwmH2p4,dd1933a0387c28bbaca2e9fa2af1120623fb43af,2
09961994,02997859,Carillion Private Finance Limited,2016-04-06,,false,right-to-appoint-and-remove-directors,Private Limited Company,Companies Act 2006,England & Wales,Companies House,corporate-entity-person-with-significant-control,https://api.company-information.service.gov.uk/company/09961994/persons-with-significant-control/corporate-entity/u-G39A8PySSwCK_OP9lWhwmH2p4,dd1933a0387c28bbaca2e9fa2af1120623fb43af,2
09961994,02997859,Carillion Private Finance Limited,2016-04-06,,false,voting-rights-75-to-100-percent,Private Limited Company,Companies Act 2006,England & Wales,Companies House,corporate-entity-person-with-significant-control,https://api.company-information.service.gov.uk/company/09961994/persons-with-significant-control/corporate-entity/u-G39A8PySSwCK_OP9lWhwmH2p4,dd1933a0387c28bbaca2e9fa2af1120623fb43af,2
03787277,03782379,Carillion Plc,2016-04-06,,false,ownership-of-shares-75-to-100-percent,Public Limited Company (Listed),United Kingdom (England),England,Companies House,corporate-entity-person-with-significant-control,https://api.company-information.service.gov.uk/company/03787277/persons-with-significant-control/corporate-entity/lcr-t5KE01t-nLP4sFYrjS73Vwk,5c7ac4eb663c071f4222d89ae648aae312f6c372,1
03787277,03782379,Carillion Plc,2016-04-06,,false,right-to-appoint-and-remove-directors,Public Limited Company (Listed),United Kingdom (England),England,Companies House,corporate-entity-person-with-significant-control,https://api.company-information.service.gov.uk/company/03787277/persons-with-significant-control/corporate-entity/lcr-t5KE01t-nLP4sFYrjS73Vwk,5c7ac4eb663c071f4222d89ae648aae312f6c372,1
03787277,03782379,Carillion Plc,2016-04-06,,false,voting-rights-75-to-100-percent,Public Limited Company (Listed),United Kingdom (England),England,Companies House,corporate-entity-person-with-significant-control,https://api.company-information.service.gov.uk/company/03787277/persons-with-significant-control/corporate-entity/lcr-t5KE01t-nLP4sFYrjS73Vwk,5c7ac4eb663c071f4222d89ae648aae312f6c372,1
05704083,05704108,Carillion (Aspire Construction) Holdings No.2 Limited,2016-04-06,,false,ownership-of-shares-75-to-100-percent,Private Limited Company,Companies Act 2006,England & Wales,Companies House,corporate-entity-person-with-significant-control,https://api.company-information.service.gov.uk/company/05704083/persons-with-significant-control/corporate-entity/gP3cnkX3_flAaVKf6haJO_jqgYk,961a407490793e4d699cc47547a9df5d840ee040,3
05704083,05704108,Carillion (Aspire Construction) Holdings No.2 Limited,2016-04-06,,false,right-to-appoint-and-remove-directors,Private Limited Company,Companies Act 2006,England & Wales,Companies House,corporate-entity-person-with-significant-control,https://api.company-information.service.gov.uk/company/05704083/persons-with-significant-control/corporate-entity/gP3cnkX3_flAaVKf6haJO_jqgYk,961a407490793e4d699cc47547a9df5d840ee040,3
05704083,05704108,Carillion (Aspire Construction) Holdings No.2 Limited,2016-04-06,,false,voting-rights-75-to-100-percent,Private Limited Company,Companies Act 2006,England & Wales,Companies House,corporate-entity-person-with-significant-control,https://api.company-information.service.gov.uk/company/05704083/persons-with-significant-control/corporate-entity/gP3cnkX3_flAaVKf6haJO_jqgYk,961a407490793e4d699cc47547a9df5d840ee040,3
05704172,00077628,Carillion Jm Limited,2016-04-06,,false,ownership-of-shares-75-to-100-percent,Private Limited Company,Companies Act 2006,England & Wales,Companies House,corporate-entity-person-with-significant-control,https://api.company-information.service.gov.uk/company/05704172/persons-with-significant-control/corporate-entity/LJNmY29MpDcrH7p9t5wK1uPBy74,663f8fc7c8d74fc1cb38cb23269bf610b45fc942,2
05704172,00077628,Carillion Jm Limited,2016-04-06,,false,right-to-appoint-and-remove-directors,Private Limited Company,Companies Act 2006,England & Wales,Companies House,corporate-entity-person-with-significant-control,https://api.company-information.service.gov.uk/company/05704172/persons-with-significant-control/corporate-entity/LJNmY29MpDcrH7p9t5wK1uPBy74,663f8fc7c8d74fc1cb38cb23269bf610b45fc942,2
05704172,00077628,Carillion Jm Limited,2016-04-06,,false,voting-rights-75-to-100-percent,Private Limited Company,Companies Act 2006,England & Wales,Companies House,corporate-entity-person-with-significant-control,https://api.company-information.service.gov.uk/company/05704172/persons-with-significant-control/corporate-entity/LJNmY29MpDcrH7p9t5wK1uPBy74,663f8fc7c8d74fc1cb38cb23269bf610b45fc942,2
08884783,00594581,Carillion Construction Limited,2016-04-06,2018-05-03,true,ownership-of-shares-25-to-50-percent,Private Limited Company,Companies Act 2006,England & Wales,Companies House,corporate-entity-person-with-significant-control,https://api.company-information.service.gov.uk/company/08884783/persons-with-significant-control/corporate-entity/8bJ4krXrk39QmksvpyuenmytqbA,5580b02a71774d9d2ba139b721cf7396c1ee01ba,2
08884783,00594581,Carillion Construction Limited,2016-04-06,2018-05-03,true,voting-rights-25-to-50-percent,Private Limited Company,Companies Act 2006,England & Wales,Companies House,corporate-entity-person-with-significant-control,https://api.company-information.service.gov.uk/company/08884783/persons-with-significant-control/corporate-entity/8bJ4krXrk39QmksvpyuenmytqbA,5580b02a71774d9d2ba139b721cf7396c1ee01ba,2
00156617,00594581,Carillion Construction Limited,2016-04-06,,false,ownership-of-shares-75-to-100-percent,Private Limited Company,Companies Act 2006,England & Wales,Companies House,corporate-entity-person-with-significant-control,https://api.company-information.service.gov.uk/company/00156617/persons-with-significant-control/corporate-entity/ZDfG6U9zG67hm_JJEEvjBKQDIlg,87e73f0fcd810c790fd4a9e3e7a92fcd7d51585d,2
00156617,00594581,Carillion Construction Limited,2016-04-06,,false,right-to-appoint-and-remove-directors,Private Limited Company,Companies Act 2006,England & Wales,Companies House,corporate-entity-person-with-significant-control,https://api.company-information.service.gov.uk/company/00156617/persons-with-significant-control/corporate-entity/ZDfG6U9zG67hm_JJEEvjBKQDIlg,87e73f0fcd810c790fd4a9e3e7a92fcd7d51585d,2
00156617,00594581,Carillion Construction Limited,2016-04-06,,false,voting-rights-75-to-100-percent,Private Limited Company,Companies Act 2006,England & Wales,Companies House,corporate-entity-person-with-significant-control,https://api.company-information.service.gov.uk/company/00156617/persons-with-significant-control/corporate-entity/ZDfG6U9zG67hm_JJEEvjBKQDIlg,87e73f0fcd810c790fd4a9e3e7a92fcd7d51585d,2
02990586,02997859,Carillion Private Finance Limited,2016-04-06,2018-03-07,true,ownership-of-shares-75-to-100-percent,Private Limited Company,Companies Act 2006,England & Wales,Companies House,corporate-entity-person-with-significant-control,https://api.company-information.service.gov.uk/company/02990586/persons-with-significant-control/corporate-entity/YmXiTdmHuZ-Zl000BGMbfw3vxWY,c2b95830069bc7c28fc3b3093344d0af0da96efb,2
02990586,02997859,Carillion Private Finance Limited,2016-04-06,2018-03-07,true,voting-rights-75-to-100-percent,Private Limited Company,Companies Act 2006,England & Wales,Companies House,corporate-entity-person-with-significant-control,https://api.company-information.service.gov.uk/company/02990586/persons-with-significant-control/corporate-entity/YmXiTdmHuZ-Zl000BGMbfw3vxWY,c2b95830069bc7c28fc3b3093344d0af0da96efb,2
00551186,01270381,Carillion Construction Overseas Limited,2016-04-06,,false,ownership-of-shares-75-to-100-percent,Private Limited Company,Companies Act 2006,England & Wales,Companies House,corporate-entity-person-with-significant-control,https://api.company-information.service.gov.uk/company/00551186/persons-with-significant-control/corporate-entity/TyxT5SbS38G6t8T4uqN2P-O1rPc,8b42a42b6a463049fce837e3728b9d875641f467,3
00551186,01270381,Carillion Construction Overseas Limited,2016-04-06,,false,right-to-appoint-and-remove-directors,Private Limited Company,Companies Act 2006,England & Wales,Companies House,corporate-entity-person-with-significant-control,https://api.company-information.service.gov.uk/company/00551186/persons-with-significant-control/corporate-entity/TyxT5SbS38G6t8T4uqN2P-O1rPc,8b42a42b6a463049fce837e3728b9d875641f467,3
00551186,01270381,Carillion Construction Overseas Limited,2016-04-06,,false,voting-rights-75-to-100-percent,Private Limited Company,Companies Act 2006,England & Wales,Companies House,corporate-entity-person-with-significant-control,https://api.company-information.service.gov.uk/company/00551186/persons-with-significant-control/corporate-entity/TyxT5SbS38G6t8T4uqN2P-O1rPc,8b42a42b6a463049fce837e3728b9d875641f467,3
00309997,00594581,Carillion Construction Limited,2016-04-06,,false,ownership-of-shares-75-to-100-percent,Private Limited Company,Companies Act 2006,England,Companies House,corporate-entity-person-with-significant-control,https://api.company-information.service.gov.uk/company/00309997/persons-with-significant-control/corporate-entity/mxxJNXrdz6vALKyy-uFW8IIHTkE,437e73afacd1debd1186c030d349b5ad7caf261b,2
00309997,00594581,Carillion Construction Limited,2016-04-06,,false,right-to-appoint-and-remove-directors,Private Limited Company,Companies Act 2006,England,Companies House,corporate-entity-person-with-significant-control,https://api.company-information.service.gov.uk/company/00309997/persons-with-significant-control/corporate-entity/mxxJNXrdz6vALKyy-uFW8IIHTkE,437e73afacd1debd1186c030d349b5ad7caf261b,2
00309997,00594581,Carillion Construction Limited,2016-04-06,,false,voting-rights-75-to-100-percent,Private Limited Company,Companies Act 2006,England,Companies House,corporate-entity-person-with-significant-control,https://api.company-information.service.gov.uk/company/00309997/persons-with-significant-control/corporate-entity/mxxJNXrdz6vALKyy-uFW8IIHTkE,437e73afacd1debd1186c030d349b5ad7caf261b,2
03105686,00594581,Carillion Construction Limited,2016-04-06,,false,ownership-of-shares-75-to-100-percent,Private Limited Company,Companies Act 2006,England,Companies House,corporate-entity-person-with-significant-control,https://api.company-information.service.gov.uk/company/03105686/persons-with-significant-control/corporate-entity/NQ_BXuUJTTR8lFUa-nrgr6kB2js,a9542527c99cd86e6dbcb37cd657dc60debb88c3,2
03105686,00594581,Carillion Construction Limited,2016-04-06,,false,right-to-appoint-and-remove-directors,Private Limited Company,Companies Act 2006,England,Companies House,corporate-entity-person-with-significant-control,https://api.company-information.service.gov.uk/company/03105686/persons-with-significant-control/corporate-entity/NQ_BXuUJTTR8lFUa-nrgr6kB2js,a9542527c99cd86e6dbcb37cd657dc60debb88c3,2
03105686,00594581,Carillion Construction Limited,2016-04-06,,false,voting-rights-75-to-100-percent,Private Limited Company,Companies Act 2006,England,Companies House,corporate-entity-person-with-significant-control,https://api.company-information.service.gov.uk/company/03105686/persons-with-significant-control/corporate-entity/NQ_BXuUJTTR8lFUa-nrgr6kB2js,a9542527c99cd86e6dbcb37cd657dc60debb88c3,2
08684467,01367044,Carillion (Am) Limited,2016-04-06,,false,ownership-of-shares-75-to-100-percent,Private Limited Company,Companies Act 2006,England,Companies House,corporate-entity-person-with-significant-control,https://api.company-information.service.gov.uk/company/08684467/persons-with-significant-control/corporate-entity/cShDaB-9PUpsmKCd3xJrL_5NOdY,5a0824101244ff3bec8502f471e4595dcd4b5ea0,2
08684467,01367044,Carillion (Am) Limited,2016-04-06,,false,voting-rights-75-to-100-percent,Private Limited Company,Companies Act 2006,England,Companies House,corporate-entity-person-with-significant-control,https://api.company-information.service.gov.uk/company/08684467/persons-with-significant-control/corporate-entity/cShDaB-9PUpsmKCd3xJrL_5NOdY,5a0824101244ff3bec8502f471e4595dcd4b5ea0,2
05848066,00247624,Carillion Capital Projects Limited,2016-04-06,2018-02-22,true,ownership-of-shares-50-to-75-percent,Private Limited Company,Companies Act 2006,England,Companies House,corporate-entity-person-with-significant-control,https://api.company-information.service.gov.uk/company/05848066/persons-with-significant-control/corporate-entity/3aJUoeoep_PjAVw8M5ipc-VmEBU,87178fe7028deb57c81e201945c240363b70b9ff,3
05848066,00247624,Carillion Capital Projects Limited,2016-04-06,2018-02-22,true,right-to-appoint-and-remove-directors,Private Limited Company,Companies Act 2006,England,Companies House,corporate-entity-person-with-significant-control,https://api.company-information.service.gov.uk/company/05848066/persons-with-significant-control/corporate-entity/3aJUoeoep_PjAVw8M5ipc-VmEBU,87178fe7028deb57c81e201945c240363b70b9ff,3
05848066,00247624,Carillion Capital Projects Limited,2016-04-06,2018-02-22,true,voting-rights-50-to-75-percent,Private Limited Company,Companies Act 2006,England,Companies House,corporate-entity-person-with-significant-control,https://api.company-information.service.gov.uk/company/05848066/persons-with-significant-control/corporate-entity/3aJUoeoep_PjAVw8M5ipc-VmEBU,87178fe7028deb57c81e201945c240363b70b9ff,3
00537677,03782379,Carillion Plc,2016-04-06,,false,ownership-of-shares-75-to-100-percent,Public Limited Company,Companies Act 2006,England,Companies House,corporate-entity-person-with-significant-control,https://api.company-information.service.gov.uk/company/00537677/persons-with-significant-control/corporate-entity/L3_YITxvHA_Q4MdMuPLvwGiwWOw,398a582203dfbdae604a0fde065771e93e1523f7,1
00537677,03782379,Carillion Plc,2016-04-06,,false,right-to-appoint-and-remove-directors,Public Limited Company,Companies Act 2006,England,Companies House,corporate-entity-person-with-significant-control,https://api.company-information.service.gov.uk/company/00537677/persons-with-significant-control/corporate-entity/L3_YITxvHA_Q4MdMuPLvwGiwWOw,398a582203dfbdae604a0fde065771e93e1523f7,1
00537677,03782379,Carillion Plc,2016-04-06,,false,voting-rights-75-to-100-percent,Public Limited Company,Companies Act 2006,England,Companies House,corporate-entity-person-with-significant-control,https://api.company-information.service.gov.uk/company/00537677/persons-with-significant-control/corporate-entity/L3_YITxvHA_Q4MdMuPLvwGiwWOw,398a582203dfbdae604a0fde065771e93e1523f7,1
02840336,00594581,Carillion Construction Limited,2016-04-06,,false,ownership-of-shares-75-to-100-percent,Private Limited Company,Companies Act 2006,England,Companies House,corporate-entity-person-with-significant-control,https://api.company-information.service.gov.uk/company/02840336/persons-with-significant-control/corporate-entity/P0Z-1F2sN3VFYNu3EvRf7kiuTVE,00df66ed0032836ea764b69b735cb775168f8310,2
02840336,00594581,Carillion Construction Limited,2016-04-06,,false,right-to-appoint-and-remove-directors,Private Limited Company,Companies Act 2006,England,Companies House,corporate-entity-person-with-significant-control,https://api.company-information.service.gov.uk/company/02840336/persons-with-significant-control/corporate-entity/P0Z-1F2sN3VFYNu3EvRf7kiuTVE,00df66ed0032836ea764b69b735cb775168f8310,2
02840336,00594581,Carillion Construction Limited,2016-04-06,,false,voting-rights-75-to-100-percent,Private Limited Company,Companies Act 2006,England,Companies House,corporate-entity-person-with-significant-control,https://api.company-information.service.gov.uk/company/02840336/persons-with-significant-control/corporate-entity/P0Z-1F2sN3VFYNu3EvRf7kiuTVE,00df66ed0032836ea764b69b735cb775168f8310,2
10660272,OC394705,Siglion Developments Llp,2017-03-08,,false,right-to-appoint-and-remove-directors,Corporate,United Kingdom (England And Wales),England,Companies House,corporate-entity-person-with-significant-control,https://api.company-information.service.gov.uk/company/10660272/persons-with-significant-control/corporate-entity/Oz-1iP4cZEN0cKT4YFmoiMGmtbQ,eedf4de92e0adc67f0f5727972418b46c0e05d9b,4
10660272,OC394705,Siglion Developments Llp,2017-03-08,,false,voting-rights-75-to-100-percent,Corporate,United Kingdom (England And Wales),England,Companies House,corporate-entity-person-with-significant-control,https://api.company-information.service.gov.uk/company/10660272/persons-with-significant-control/corporate-entity/Oz-1iP4cZEN0cKT4YFmoiMGmtbQ,eedf4de92e0adc67f0f5727972418b46c0e05d9b,4
08649446,08113991,Amber Lep Investments Limited,2016-04-06,,false,ownership-of-shares-75-to-100-percent,Privat Limited Company,Companies Act 2006,England,Companies House,corporate-entity-person-with-significant-control,https://api.company-information.service.gov.uk/company/08649446/persons-with-significant-control/corporate-entity/bECie1vLYLb4yMFkFDhUn-9nKec,150ad0fdaa4e84f274c445d094277b56bbd1fc92,3
08649446,08113991,Amber Lep Investments Limited,2016-04-06,,false,voting-rights-75-to-100-percent,Privat Limited Company,Companies Act 2006,England,Companies House,corporate-entity-person-with-significant-control,https://api.company-information.service.gov.uk/company/08649446/persons-with-significant-control/corporate-entity/bECie1vLYLb4yMFkFDhUn-9nKec,150ad0fdaa4e84f274c445d094277b56bbd1fc92,3
07017267,07017305,Inspiredspaces Rochdale (Psp1) Limited,2016-04-06,,false,ownership-of-shares-75-to-100-percent,Private Limited Company,Companies Act 2006,England,Companies House,corporate-entity-person-with-significant-control,https://api.company-information.service.gov.uk/company/07017267/persons-with-significant-control/corporate-entity/7gBGtBZhtB9YnGkGDdiGK-JJFgw,844a43389868f01f0caa68dfddb374833a337894,4
07017267,07017305,Inspiredspaces Rochdale (Psp1) Limited,2016-04-06,,false,right-to-appoint-and-remove-directors,Private Limited Company,Companies Act 2006,England,Companies House,corporate-entity-person-with-significant-control,https://api.company-information.service.gov.uk/company/07017267/persons-with-significant-control/corporate-entity/7gBGtBZhtB9YnGkGDdiGK-JJFgw,844a43389868f01f0caa68dfddb374833a337894,4
07017267,07017305,Inspiredspaces Rochdale (Psp1) Limited,2016-04-06,,false,voting-rights-75-to-100-percent,Private Limited Company,Companies Act 2006,England,Companies House,corporate-entity-person-with-significant-control,https://api.company-information.service.gov.uk/company/07017267/persons-with-significant-control/corporate-entity/7gBGtBZhtB9YnGkGDdiGK-JJFgw,844a43389868f01f0caa68dfddb374833a337894,4
08747138,08751752,The Hospital Company (Liverpool) Holdings Limited,2016-04-06,,false,ownership-of-shares-75-to-100-percent,Private Limited Company,Companies Act 2006,England And Wales,Companies House,corporate-entity-person-with-significant-control,https://api.company-information.service.gov.uk/company/08747138/persons-with-significant-control/corporate-entity/E0uh78W6jUIPtL_WXT92J6VvYVE,d6cf1a5bcab4741c66c806907ba52e9acbb96fdd,4
08747138,08751752,The Hospital Company (Liverpool) Holdings Limited,2016-04-06,,false,right-to-appoint-and-remove-directors,Private Limited Company,Companies Act 2006,England And Wales,Companies House,corporate-entity-person-with-significant-control,https://api.company-information.service.gov.uk/company/08747138/persons-with-significant-control/corporate-entity/E0uh78W6jUIPtL_WXT92J6VvYVE,d6cf1a5bcab4741c66c806907ba52e9acbb96fdd,4
08747138,08751752,The Hospital Company (Liverpool) Holdings Limited,2016-04-06,,false,voting-rights-75-to-100-percent,Private Limited Company,Companies Act 2006,England And Wales,Companies House,corporate-entity-person-with-significant-control,https://api.company-information.service.gov.uk/company/08747138/persons-with-significant-control/corporate-entity/E0uh78W6jUIPtL_WXT92J6VvYVE,d6cf1a5bcab4741c66c806907ba52e9acbb96fdd,4
06506298,08113991,Amber Lep Investments Limited,2016-04-06,,false,ownership-of-shares-75-to-100-percent,Private Limited Company,Companies Act 2006,England & Wales,Companies House,corporate-entity-person-with-significant-control,https://api.company-information.service.gov.uk/company/06506298/persons-with-significant-control/corporate-entity/krtwlHfjB2Ya2xE2Z7bX047T2_o,4edad940c5938f16cbe95f6b1cf69918093b3974,3
06506298,08113991,Amber Lep Investments Limited,2016-04-06,,false,voting-rights-75-to-100-percent,Private Limited Company,Companies Act 2006,England & Wales,Companies House,corporate-entity-person-with-significant-control,https://api.company-information.service.gov.uk/company/06506298/persons-with-significant-control/corporate-entity/krtwlHfjB2Ya2xE2Z7bX047T2_o,4edad940c5938f16cbe95f6b1cf69918093b3974,3
06820088,02997859,Carillion Private Finance Limited,2016-04-06,,false,ownership-of-shares-75-to-100-percent,Private Limited Company,Companies Act 2006,England & Wales,Companies House,corporate-entity-person-with-significant-control,https://api.company-information.service.gov.uk/company/06820088/persons-with-significant-control/corporate-entity/CD0isXt87N0Jx0g2z06tzSySzPM,6fb449fe3a69ea54337449400a4aa3c1b83f4d7b,2
06820088,02997859,Carillion Private Finance Limited,2016-04-06,,false,right-to-appoint-and-remove-directors,Private Limited Company,Companies Act 2006,England & Wales,Companies House,corporate-entity-person-with-significant-control,https://api.company-information.service.gov.uk/company/06820088/persons-with-significant-control/corporate-entity/CD0isXt87N0Jx0g2z06tzSySzPM,6fb449fe3a69ea54337449400a4aa3c1b83f4d7b,2
06820088,02997859,Carillion Private Finance Limited,2016-04-06,,false,voting-rights-75-to-100-percent,Private Limited Company,Companies Act 2006,England & Wales,Companies House,corporate-entity-person-with-significant-control,https://api.company-information.service.gov.uk/company/06820088/persons-with-significant-control/corporate-entity/CD0isXt87N0Jx0g2z06tzSySzPM,6fb449fe3a69ea54337449400a4aa3c1b83f4d7b,2
05704108,00077628,Carillion Jm Limited,2016-04-06,,false,ownership-of-shares-75-to-100-percent,Private Limited Company,Companies Act 2006,England & Wales,Companies House,corporate-entity-person-with-significant-control,https://api.company-information.service.gov.uk/company/05704108/persons-with-significant-control/corporate-entity/Ksh56C-nqIcFapP4Yi0LFcwByek,c0adf8686057241dc342962c336ed2fc27dfe5ed,2
05704108,00077628,Carillion Jm Limited,2016-04-06,,false,right-to-appoint-and-remove-directors,Private Limited Company,Companies Act 2006,England & Wales,Companies House,corporate-entity-person-with-significant-control,https://api.company-information.service.gov.uk/company/05704108/persons-with-significant-control/corporate-entity/Ksh56C-nqIcFapP4Yi0LFcwByek,c0adf8686057241dc342962c336ed2fc27dfe5ed,2
05704108,00077628,Carillion Jm Limited,2016-04-06,,false,voting-rights-75-to-100-percent,Private Limited Company,Companies Act 2006,England & Wales,Companies House,corporate-entity-person-with-significant-control,https://api.company-information.service.gov.uk/company/05704108/persons-with-significant-control/corporate-entity/Ksh56C-nqIcFapP4Yi0LFcwByek,c0adf8686057241dc342962c336ed2fc27dfe5ed,2
04996458,03858865,Carillion Energy Services Limited,2016-04-06,,false,ownership-of-shares-75-to-100-percent,Private Limited Company,Companies Act 2006,England & Wales,Companies House,corporate-entity-person-with-significant-control,https://api.company-information.service.gov.uk/company/04996458/persons-with-significant-control/corporate-entity/piG5bQV6FqbHWtYeuK8kDPdINL4,25595afed49983579351a8c9c458bd6c11043aff,2
04996458,03858865,Carillion Energy Services Limited,2016-04-06,,false,right-to-appoint-and-remove-directors,Private Limited Company,Companies Act 2006,England & Wales,Companies House,corporate-entity-person-with-significant-control,https://api.company-information.service.gov.uk/company/04996458/persons-with-significant-control/corporate-entity/piG5bQV6FqbHWtYeuK8kDPdINL4,25595afed49983579351a8c9c458bd6c11043aff,2
04996458,03858865,Carillion Energy Services Limited,2016-04-06,,false,voting-rights-75-to-100-percent,Private Limited Company,Companies Act 2006,England & Wales,Companies House,corporate-entity-person-with-significant-control,https://api.company-information.service.gov.uk/company/04996458/persons-with-significant-control/corporate-entity/piG5bQV6FqbHWtYeuK8kDPdINL4,25595afed49983579351a8c9c458bd6c11043aff,2
03126198,03782379,Carillion Plc,2016-04-06,,false,ownership-of-shares-75-to-100-percent,Public Limited Company,Companies Act 2006,England & Wales,Companies House,corporate-entity-person-with-significant-control,https://api.company-information.service.gov.uk/company/03126198/persons-with-significant-control/corporate-entity/K5MEGGQi7GX9uLYR5-_ybxREO9Q,47a5e160ed88e4b1192a414dfde1b4451a76bd15,1
03126198,03782379,Carillion Plc,2016-04-06,,false,right-to-appoint-and-remove-directors,Public Limited Company,Companies Act 2006,England & Wales,Companies House,corporate-entity-person-with-significant-control,https://api.company-information.service.gov.uk/company/03126198/persons-with-significant-control/corporate-entity/K5MEGGQi7GX9uLYR5-_ybxREO9Q,47a5e160ed88e4b1192a414dfde1b4451a76bd15,1
03126198,03782379,Carillion Plc,2016-04-06,,false,voting-rights-75-to-100-percent,Public Limited Company,Companies Act 2006,England & Wales,Companies House,corporate-entity-person-with-significant-control,https://api.company-information.service.gov.uk/company/03126198/persons-with-significant-control/corporate-entity/K5MEGGQi7GX9uLYR5-_ybxREO9Q,47a5e160ed88e4b1192a414dfde1b4451a76bd15,1
09822818,09822833,The Hospital Company (Sandwell) Holdings Limited,2016-04-06,,false,ownership-of-shares-75-to-100-percent,Private Limited Company,Companies Act 2006,England And Wales,Companies House,corporate-entity-person-with-significant-control,https://api.company-information.service.gov.uk/company/09822818/persons-with-significant-control/corporate-entity/HyxQJLWOPMu7GwsEmUCe2VtZGoI,ff94798246cb13c7d0ae8ff8e623e96bfd505709,4
09822818,09822833,The Hospital Company (Sandwell) Holdings Limited,2016-04-06,,false,right-to-appoint-and-remove-directors,Private Limited Company,Companies Act 2006,England And Wales,Companies House,corporate-entity-person-with-significant-control,https://api.company-information.service.gov.uk/company/09822818/persons-with-significant-control/corporate-entity/HyxQJLWOPMu7GwsEmUCe2VtZGoI,ff94798246cb13c7d0ae8ff8e623e96bfd505709,4
09822818,09822833,The Hospital Company (Sandwell) Holdings Limited,2016-04-06,,false,voting-rights-75-to-100-percent,Private Limited Company,Companies Act 2006,England And Wales,Companies House,corporate-entity-person-with-significant-control,https://api.company-information.service.gov.uk/company/09822818/persons-with-significant-control/corporate-entity/HyxQJLWOPMu7GwsEmUCe2VtZGoI,ff94798246cb13c7d0ae8ff8e623e96bfd505709,4
06404738,08084031,Ask Real Estate Limited,2016-04-06,2017-03-28,true,ownership-of-shares-75-to-100-percent,Private Limited Company,Companies Act 2006,England & Wales,Companies House,corporate-entity-person-with-significant-control,https://api.company-information.service.gov.uk/company/06404738/persons-with-significant-control/corporate-entity/nKwjLHHMpam3BKtddlaa6gTSszg,54691f97c2250e4df4a65aade8512850329743f5,3
06404738,08084031,Ask Real Estate Limited,2016-04-06,2017-03-28,true,voting-rights-75-to-100-percent,Private Limited Company,Companies Act 2006,England & Wales,Companies House,corporate-entity-person-with-significant-control,https://api.company-information.service.gov.uk/company/06404738/persons-with-significant-control/corporate-entity/nKwjLHHMpam3BKtddlaa6gTSszg,54691f97c2250e4df4a65aade8512850329743f5,3
02811168,00077628,Carillion Jm Limited,2016-04-06,,false,ownership-of-shares-75-to-100-percent,Private Limited Company,Companies Act 2006,England & Wales,Companies House,corporate-entity-person-with-significant-control,https://api.company-information.service.gov.uk/company/02811168/persons-with-significant-control/corporate-entity/d5AtHDvbYlydMim58w4r6u78tYI,2ed8713b4118e8f53f9aa6fae96e5ca3de500954,2
02811168,00077628,Carillion Jm Limited,2016-04-06,,false,right-to-appoint-and-remove-directors,Private Limited Company,Companies Act 2006,England & Wales,Companies House,corporate-entity-person-with-significant-control,https://api.company-information.service.gov.uk/company/02811168/persons-with-significant-control/corporate-entity/d5AtHDvbYlydMim58w4r6u78tYI,2ed8713b4118e8f53f9aa6fae96e5ca3de500954,2
02811168,00077628,Carillion Jm Limited,2016-04-06,,false,voting-rights-75-to-100-percent,Private Limited Company,Companies Act 2006,England & Wales,Companies House,corporate-entity-person-with-significant-control,https://api.company-information.service.gov.uk/company/02811168/persons-with-significant-control/corporate-entity/d5AtHDvbYlydMim58w4r6u78tYI,2ed8713b4118e8f53f9aa6fae96e5ca3de500954,2
02355338,01521006,Carillion Utility Services Group Limited,2016-04-06,,false,ownership-of-shares-75-to-100-percent,Private Limited Company,Companies Act 2006,England & Wales,Companies House,corporate-entity-person-with-significant-control,https://api.company-information.service.gov.uk/company/02355338/persons-with-significant-control/corporate-entity/lEulqUjYbYTzshjobpIxwHkxLCc,78c619721178ac818bad40a4a4d7a2d98e6a8d96,3
02355338,01521006,Carillion Utility Services Group Limited,2016-04-06,,false,right-to-appoint-and-remove-directors,Private Limited Company,Companies Act 2006,England & Wales,Companies House,corporate-entity-person-with-significant-control,https://api.company-information.service.gov.uk/company/02355338/persons-with-significant-control/corporate-entity/lEulqUjYbYTzshjobpIxwHkxLCc,78c619721178ac818bad40a4a4d7a2d98e6a8d96,3
02355338,01521006,Carillion Utility Services Group Limited,2016-04-06,,false,voting-rights-75-to-100-percent,Private Limited Company,Companies Act 2006,England & Wales,Companies House,corporate-entity-person-with-significant-control,https://api.company-information.service.gov.uk/company/02355338/persons-with-significant-control/corporate-entity/lEulqUjYbYTzshjobpIxwHkxLCc,78c619721178ac818bad40a4a4d7a2d98e6a8d96,3
03679838,03011791,Carillion Services Limited,2016-04-06,,false,ownership-of-shares-75-to-100-percent,Limited By Shares,Companies Act 2006,England & Wales,Companies House,corporate-entity-person-with-significant-control,https://api.company-information.service.gov.uk/company/03679838/persons-with-significant-control/corporate-entity/XSxq5E-JTB5S_7Axmgalx3Y-buU,c20e410e93d55380cf3a4ec4c9ac41e92a33837b,2
03679838,03011791,Carillion Services Limited,2016-04-06,,false,right-to-appoint-and-remove-directors,Limited By Shares,Companies Act 2006,England & Wales,Companies House,corporate-entity-person-with-significant-control,https://api.company-information.service.gov.uk/company/03679838/persons-with-significant-control/corporate-entity/XSxq5E-JTB5S_7Axmgalx3Y-buU,c20e410e93d55380cf3a4ec4c9ac41e92a33837b,2
03679838,03011791,Carillion Services Limited,2016-04-06,,false,voting-rights-75-to-100-percent,Limited By Shares,Companies Act 2006,England & Wales,Companies House,corporate-entity-person-with-significant-control,https://api.company-information.service.gov.uk/company/03679838/persons-with-significant-control/corporate-entity/XSxq5E-JTB5S_7Axmgalx3Y-buU,c20e410e93d55380cf3a4ec4c9ac41e92a33837b,2
05186128,00247624,Carillion Capital Projects Limited,2016-04-06,2018-02-22,true,ownership-of-shares-25-to-50-percent,Private Limited Company,Companies Act 2006,England,Companies House,corporate-entity-person-with-significant-control,https://api.company-information.service.gov.uk/company/05186128/persons-with-significant-control/corporate-entity/ZYanh8pU3sq9T4rPRXPKFTSPoec,7a72de593146757c39c2d887301428156382d5e8,3
05186128,00247624,Carillion Capital Projects Limited,2016-04-06,2018-02-22,true,right-to-appoint-and-remove-directors,Private Limited Company,Companies Act 2006,England,Companies House,corporate-entity-person-with-significant-control,https://api.company-information.service.gov.uk/company/05186128/persons-with-significant-control/corporate-entity/ZYanh8pU3sq9T4rPRXPKFTSPoec,7a72de593146757c39c2d887301428156382d5e8,3
05186128,00247624,Carillion Capital Projects Limited,2016-04-06,2018-02-22,true,voting-rights-25-to-50-percent,Private Limited Company,Companies Act 2006,England,Companies House,corporate-entity-person-with-significant-control,https://api.company-information.service.gov.uk/company/05186128/persons-with-significant-control/corporate-entity/ZYanh8pU3sq9T4rPRXPKFTSPoec,7a72de593146757c39c2d887301428156382d5e8,3
00077628,03782379,Carillion Plc,2016-04-06,,false,ownership-of-shares-75-to-100-percent,Public Limited Company,Companies Act 2006,England & Wales,Companies House,corporate-entity-person-with-significant-control,https://api.company-information.service.gov.uk/company/00077628/persons-with-significant-control/corporate-entity/KBjS_JQoJDFlfPaa0CAclVQ5vh4,d728a988a9c31c1a6fcd609b8cd3171dd052e6df,1
00077628,03782379,Carillion Plc,2016-04-06,,false,right-to-appoint-and-remove-directors,Public Limited Company,Companies Act 2006,England & Wales,Companies House,corporate-entity-person-with-significant-control,https://api.company-information.service.gov.uk/company/00077628/persons-with-significant-control/corporate-entity/KBjS_JQoJDFlfPaa0CAclVQ5vh4,d728a988a9c31c1a6fcd609b8cd3171dd052e6df,1
00077628,03782379,Carillion Plc,2016-04-06,,false,voting-rights-75-to-100-percent,Public Limited Company,Companies Act 2006,England & Wales,Companies House,corporate-entity-person-with-significant-control,https://api.company-information.service.gov.uk/company/00077628/persons-with-significant-control/corporate-entity/KBjS_JQoJDFlfPaa0CAclVQ5vh4,d728a988a9c31c1a6fcd609b8cd3171dd052e6df,1
01401298,01367044,Carillion (Am) Limited,2016-04-06,,false,ownership-of-shares-75-to-100-percent,Private Limited Company,Companies Act 2006,England & Wales,Companies House,corporate-entity-person-with-significant-control,https://api.company-information.service.gov.uk/company/01401298/persons-with-significant-control/corporate-entity/VCBsa9jEzxSR5vHxcJobbHjjC2Q,b97c214d245c6e0ad51e4cc34881f174f39137ab,2
01401298,01367044,Carillion (Am) Limited,2016-04-06,,false,right-to-appoint-and-remove-directors,Private Limited Company,Companies Act 2006,England & Wales,Companies House,corporate-entity-person-with-significant-control,https://api.company-information.service.gov.uk/company/01401298/persons-with-significant-control/corporate-entity/VCBsa9jEzxSR5vHxcJobbHjjC2Q,b97c214d245c6e0ad51e4cc34881f174f39137ab,2
01401298,01367044,Carillion (Am) Limited,2016-04-06,,false,voting-rights-75-to-100-percent,Private Limited Company,Companies Act 2006,England & Wales,Companies House,corporate-entity-person-with-significant-control,https://api.company-information.service.gov.uk/company/01401298/persons-with-significant-control/corporate-entity/VCBsa9jEzxSR5vHxcJobbHjjC2Q,b97c214d245c6e0ad51e4cc34881f174f39137ab,2
01122808,SC020258,Carillion (Ambs) Limited,2016-04-06,,false,ownership-of-shares-75-to-100-percent,Private Limited Company,Companies Act 2006,Scotland,Companies House,corporate-entity-person-with-significant-control,https://api.company-information.service.gov.uk/company/01122808/persons-with-significant-control/corporate-entity/47X6HvYAEWDaoU_91wH__rx1HnA,d348d4e0a914a6edc6e5bd83387dda0bd5bf3ade,4
01122808,SC020258,Carillion (Ambs) Limited,2016-04-06,,false,right-to-appoint-and-remove-directors,Private Limited Company,Companies Act 2006,Scotland,Companies House,corporate-entity-person-with-significant-control,https://api.company-information.service.gov.uk/company/01122808/persons-with-significant-control/corporate-entity/47X6HvYAEWDaoU_91wH__rx1HnA,d348d4e0a914a6edc6e5bd83387dda0bd5bf3ade,4
01122808,SC020258,Carillion (Ambs) Limited,2016-04-06,,false,voting-rights-75-to-100-percent,Private Limited Company,Companies Act 2006,Scotland,Companies House,corporate-entity-person-with-significant-control,https://api.company-information.service.gov.uk/company/01122808/persons-with-significant-control/corporate-entity/47X6HvYAEWDaoU_91wH__rx1HnA,d348d4e0a914a6edc6e5bd83387dda0bd5bf3ade,4
03232308,03130297,Carillion Managed Services Limited,2016-04-06,,false,ownership-of-shares-75-to-100-percent,Private Limited Company,Companies Act 2006,England,Companies House,corporate-entity-person-with-significant-control,https://api.company-information.service.gov.uk/company/03232308/persons-with-significant-control/corporate-entity/lm_v76GUgI0GVQCxTE_jrRAbuP4,95542dcaabbb5baed9455430723763fcc1113fe0,3
03232308,03130297,Carillion Managed Services Limited,2016-04-06,,false,right-to-appoint-and-remove-directors,Private Limited Company,Companies Act 2006,England,Companies House,corporate-entity-person-with-significant-control,https://api.company-information.service.gov.uk/company/03232308/persons-with-significant-control/corporate-entity/lm_v76GUgI0GVQCxTE_jrRAbuP4,95542dcaabbb5baed9455430723763fcc1113fe0,3
03232308,03130297,Carillion Managed Services Limited,2016-04-06,,false,voting-rights-75-to-100-percent,Private Limited Company,Companies Act 2006,England,Companies House,corporate-entity-person-with-significant-control,https://api.company-information.service.gov.uk/company/03232308/persons-with-significant-control/corporate-entity/lm_v76GUgI0GVQCxTE_jrRAbuP4,95542dcaabbb5baed9455430723763fcc1113fe0,3
00961738,01367044,Carillion (Am) Limited,2016-04-06,,false,ownership-of-shares-75-to-100-percent,Private Limited Company,Companies Act 2006,England,Companies House,corporate-entity-person-with-significant-control,https://api.company-information.service.gov.uk/company/00961738/persons-with-significant-control/corporate-entity/AeqDADKJO490aW4t1M2c9eb7p7I,006d197b524023cb22b29799e298803a8f80c9df,2
00961738,01367044,Carillion (Am) Limited,2016-04-06,,false,right-to-appoint-and-remove-directors,Private Limited Company,Companies Act 2006,England,Companies House,corporate-entity-person-with-significant-control,https://api.company-information.service.gov.uk/company/00961738/persons-with-significant-control/corporate-entity/AeqDADKJO490aW4t1M2c9eb7p7I,006d197b524023cb22b29799e298803a8f80c9df,2
00961738,01367044,Carillion (Am) Limited,2016-04-06,,false,voting-rights-75-to-100-percent,Private Limited Company,Companies Act 2006,England,Companies House,corporate-entity-person-with-significant-control,https://api.company-information.service.gov.uk/company/00961738/persons-with-significant-control/corporate-entity/AeqDADKJO490aW4t1M2c9eb7p7I,006d197b524023cb22b29799e298803a8f80c9df,2
15634599,14419831,Pfp-Igloo Developments Limited,2024-04-10,,false,ownership-of-shares-75-to-100-percent,Private Limited Company,Companies Act 2006,United Kingdom,United Kingdom,corporate-entity-person-with-significant-control,https://api.company-information.service.gov.uk/company/15634599/persons-with-significant-control/corporate-entity/NStxTaDMsq42vF0vplfLM793Lvs,ccde8d66792bc6ca6390fc8b526ebdead370cf2c,4
15634599,14419831,Pfp-Igloo Developments Limited,2024-04-10,,false,right-to-appoint-and-remove-directors,Private Limited Company,Companies Act 2006,United Kingdom,United Kingdom,corporate-entity-person-with-significant-control,https://api.company-information.service.gov.uk/company/15634599/persons-with-significant-control/corporate-entity/NStxTaDMsq42vF0vplfLM793Lvs,ccde8d66792bc6ca6390fc8b526ebdead370cf2c,4
15634599,14419831,Pfp-Igloo Developments Limited,2024-04-10,,false,voting-rights-75-to-100-percent,Private Limited Company,Companies Act 2006,United Kingdom,United Kingdom,corporate-entity-person-with-significant-control,https://api.company-information.service.gov.uk/company/15634599/persons-with-significant-control/corporate-entity/NStxTaDMsq42vF0vplfLM793Lvs,ccde8d66792bc6ca6390fc8b526ebdead370cf2c,4
02969358,03858865,Carillion Energy Services Limited,2016-04-06,,false,ownership-of-shares-75-to-100-percent,Private Limited Company,Companies Act 2006,England,Companies House,corporate-entity-person-with-significant-control,https://api.company-information.service.gov.uk/company/02969358/persons-with-significant-control/corporate-entity/z0zzY04ZWkGk7wcqjEyvDkiEMFM,dc56e024c367e52fcef5148cedec20a020c2b410,2
02969358,03858865,Carillion Energy Services Limited,2016-04-06,,false,right-to-appoint-and-remove-directors,Private Limited Company,Companies Act 2006,England,Companies House,corporate-entity-person-with-significant-control,https://api.company-information.service.gov.uk/company/02969358/persons-with-significant-control/corporate-entity/z0zzY04ZWkGk7wcqjEyvDkiEMFM,dc56e024c367e52fcef5148cedec20a020c2b410,2
02969358,03858865,Carillion Energy Services Limited,2016-04-06,,false,voting-rights-75-to-100-percent,Private Limited Company,Companies Act 2006,England,Companies House,corporate-entity-person-with-significant-control,https://api.company-information.service.gov.uk/company/02969358/persons-with-significant-control/corporate-entity/z0zzY04ZWkGk7wcqjEyvDkiEMFM,dc56e024c367e52fcef5148cedec20a020c2b410,2
00326348,01367044,Carillion (Am) Limited,2016-04-06,,false,ownership-of-shares-75-to-100-percent,Private Limited Company,Companies Act 2006,England,Companies House,corporate-entity-person-with-significant-control,https://api.company-information.service.gov.uk/company/00326348/persons-with-significant-control/corporate-entity/WsGYqd8xvs0AYgXQ6ZugO3lKuvE,a4496be74965660f4aeb34f278ee10b983206707,2
00326348,01367044,Carillion (Am) Limited,2016-04-06,,false,right-to-appoint-and-remove-directors,Private Limited Company,Companies Act 2006,England,Companies House,corporate-entity-person-with-significant-control,https://api.company-information.service.gov.uk/company/00326348/persons-with-significant-control/corporate-entity/WsGYqd8xvs0AYgXQ6ZugO3lKuvE,a4496be74965660f4aeb34f278ee10b983206707,2
00326348,01367044,Carillion (Am) Limited,2016-04-06,,false,voting-rights-75-to-100-percent,Private Limited Company,Companies Act 2006,England,Companies House,corporate-entity-person-with-significant-control,https://api.company-information.service.gov.uk/company/00326348/persons-with-significant-control/corporate-entity/WsGYqd8xvs0AYgXQ6ZugO3lKuvE,a4496be74965660f4aeb34f278ee10b983206707,2
08114138,08113900,Inspiredspaces Rochdale (Holdings2) Limited,2016-04-06,,false,ownership-of-shares-75-to-100-percent,Private Limited Company,Companies Act 2006,England,Companies House,corporate-entity-person-with-significant-control,https://api.company-information.service.gov.uk/company/08114138/persons-with-significant-control/corporate-entity/gWyYr2ZfD7OKuPTFjkAUw0F-Emw,ba39a341a29dca5078c7becf2e631d3b717646dc,5
08114138,08113900,Inspiredspaces Rochdale (Holdings2) Limited,2016-04-06,,false,voting-rights-75-to-100-percent,Private Limited Company,Companies Act 2006,England,Companies House,corporate-entity-person-with-significant-control,https://api.company-information.service.gov.uk/company/08114138/persons-with-significant-control/corporate-entity/gWyYr2ZfD7OKuPTFjkAUw0F-Emw,ba39a341a29dca5078c7becf2e631d3b717646dc,5
SC020258,SC203910,Carillion (Ambs) Holdings Limited,2016-04-06,,false,ownership-of-shares-75-to-100-percent,Private Limited Company,Companies Act 2006,Scotland,Companies House,corporate-entity-person-with-significant-control,https://api.company-information.service.gov.uk/company/SC020258/persons-with-significant-control/corporate-entity/UUedEtNbDT2c3ZgmtRpX2CyGdIM,bc25cefba4eb3722414b2e6d3d13b319a52ba0f0,3
SC020258,SC203910,Carillion (Ambs) Holdings Limited,2016-04-06,,false,right-to-appoint-and-remove-directors,Private Limited Company,Companies Act 2006,Scotland,Companies House,corporate-entity-person-with-significant-control,https://api.company-information.service.gov.uk/company/SC020258/persons-with-significant-control/corporate-entity/UUedEtNbDT2c3ZgmtRpX2CyGdIM,bc25cefba4eb3722414b2e6d3d13b319a52ba0f0,3
SC020258,SC203910,Carillion (Ambs) Holdings Limited,2016-04-06,,false,voting-rights-75-to-100-percent,Private Limited Company,Companies Act 2006,Scotland,Companies House,corporate-entity-person-with-significant-control,https://api.company-information.service.gov.uk/company/SC020258/persons-with-significant-control/corporate-entity/UUedEtNbDT2c3ZgmtRpX2CyGdIM,bc25cefba4eb3722414b2e6d3d13b319a52ba0f0,3
01505628,01367044,Carillion (Am) Limited,2016-04-06,,false,ownership-of-shares-75-to-100-percent,Private Limited Company,Companies Act 2006,England,Companies House,corporate-entity-person-with-significant-control,https://api.company-information.service.gov.uk/company/01505628/persons-with-significant-control/corporate-entity/-JX-rva9K7aRftceQ5sHoq8-WLA,fde0796f49357db3dc9ed91b2e9c500ad3cce6ee,2
01505628,01367044,Carillion (Am) Limited,2016-04-06,,false,voting-rights-75-to-100-percent,Private Limited Company,Companies Act 2006,England,Companies House,corporate-entity-person-with-significant-control,https://api.company-information.service.gov.uk/company/01505628/persons-with-significant-control/corporate-entity/-JX-rva9K7aRftceQ5sHoq8-WLA,fde0796f49357db3dc9ed91b2e9c500ad3cce6ee,2
05380578,00247624,Carillion Capital Projects Limited,2016-04-06,,false,ownership-of-shares-25-to-50-percent,Private Limited Company,Companies Act 2006,England,Companies House,corporate-entity-person-with-significant-control,https://api.company-information.service.gov.uk/company/05380578/persons-with-significant-control/corporate-entity/MPxrrN3BppiwG0WF2-2ccYY3kig,9399b328d2d3b9aeee9a7d76d40e48491a974b11,3
05380578,00247624,Carillion Capital Projects Limited,2016-04-06,,false,right-to-appoint-and-remove-directors,Private Limited Company,Companies Act 2006,England,Companies House,corporate-entity-person-with-significant-control,https://api.company-information.service.gov.uk/company/05380578/persons-with-significant-control/corporate-entity/MPxrrN3BppiwG0WF2-2ccYY3kig,9399b328d2d3b9aeee9a7d76d40e48491a974b11,3
05380578,00247624,Carillion Capital Projects Limited,2016-04-06,,false,voting-rights-25-to-50-percent,Private Limited Company,Companies Act 2006,England,Companies House,corporate-entity-person-with-significant-control,https://api.company-information.service.gov.uk/company/05380578/persons-with-significant-control/corporate-entity/MPxrrN3BppiwG0WF2-2ccYY3kig,9399b328d2d3b9aeee9a7d76d40e48491a974b11,3
OC449639,07211684,Pfp-Igloo (General Partner) Limited,2023-10-25,,false,voting-rights-25-to-50-percent-limited-liability-partnership,Limited By Shares,United Kingdom,United Kingdom,Companies House,corporate-entity-person-with-significant-control,https://api.company-information.service.gov.uk/company/OC449639/persons-with-significant-control/corporate-entity/fXFLm9zq-lzOIqLIhSkA-lYz8ng,db56d3be059e20dd7905e88d6511a6177f4b7496,3
06910378,02630590,Carillion Regeneration Limited,2016-04-06,,false,ownership-of-shares-25-to-50-percent,Private Limited Company,Companies Act 2006,England,Companies House,corporate-entity-person-with-significant-control,https://api.company-information.service.gov.uk/company/06910378/persons-with-significant-control/corporate-entity/mnnK75Qsvt2ml6-ePhBEcQF-Le4,115ed9bdb558260539bca8a90e3f19caab5a20c2,2
06910378,02630590,Carillion Regeneration Limited,2016-04-06,,false,right-to-appoint-and-remove-directors,Private Limited Company,Companies Act 2006,England,Companies House,corporate-entity-person-with-significant-control,https://api.company-information.service.gov.uk/company/06910378/persons-with-significant-control/corporate-entity/mnnK75Qsvt2ml6-ePhBEcQF-Le4,115ed9bdb558260539bca8a90e3f19caab5a20c2,2
06910378,02630590,Carillion Regeneration Limited,2016-04-06,,false,voting-rights-25-to-50-percent,Private Limited Company,Companies Act 2006,England,Companies House,corporate-entity-person-with-significant-control,https://api.company-information.service.gov.uk/company/06910378/persons-with-significant-control/corporate-entity/mnnK75Qsvt2ml6-ePhBEcQF-Le4,115ed9bdb558260539bca8a90e3f19caab5a20c2,2
02987829,02990586,Avery Hill Developments Holdings Limited,2016-04-06,,false,ownership-of-shares-75-to-100-percent,Private Limited Company,Companies Act 2006,England & Wales,Companies House,corporate-entity-person-with-significant-control,https://api.company-information.service.gov.uk/company/02987829/persons-with-significant-control/corporate-entity/e68-nXb1dsSyzz37B61UvyaYy9g,c6c828f6c88e1998be1f2fdc4916daaa88535d76,3
02987829,02990586,Avery Hill Developments Holdings Limited,2016-04-06,,false,voting-rights-75-to-100-percent,Private Limited Company,Companies Act 2006,England & Wales,Companies House,corporate-entity-person-with-significant-control,https://api.company-information.service.gov.uk/company/02987829/persons-with-significant-control/corporate-entity/e68-nXb1dsSyzz37B61UvyaYy9g,c6c828f6c88e1998be1f2fdc4916daaa88535d76,3
01947809,00077628,Carillion Jm Limited,2016-04-06,,false,ownership-of-shares-75-to-100-percent,Private Limited Company,Companies Act 2006,England & Wales,Companies House,corporate-entity-person-with-significant-control,https://api.company-information.service.gov.uk/company/01947809/persons-with-significant-control/corporate-entity/dLFd-efimIdQgITQwUG__CXKaS0,6c5b517e119df865ce51ec12ce200bb7ebe09e17,2
01947809,00077628,Carillion Jm Limited,2016-04-06,,false,right-to-appoint-and-remove-directors,Private Limited Company,Companies Act 2006,England & Wales,Companies House,corporate-entity-person-with-significant-control,https://api.company-information.service.gov.uk/company/01947809/persons-with-significant-control/corporate-entity/dLFd-efimIdQgITQwUG__CXKaS0,6c5b517e119df865ce51ec12ce200bb7ebe09e17,2
01947809,00077628,Carillion Jm Limited,2016-04-06,,false,voting-rights-75-to-100-percent,Private Limited Company,Companies Act 2006,England & Wales,Companies House,corporate-entity-person-with-significant-control,https://api.company-information.service.gov.uk/company/01947809/persons-with-significant-control/corporate-entity/dLFd-efimIdQgITQwUG__CXKaS0,6c5b517e119df865ce51ec12ce200bb7ebe09e17,2
05186128,01685693,Carillion Am Developments Limited,2018-02-22,2018-03-07,true,ownership-of-shares-75-to-100-percent,Limited By Shares,United Kingdom (England),England,Companies House,corporate-entity-person-with-significant-control,https://api.company-information.service.gov.uk/company/05186128/persons-with-significant-control/corporate-entity/LY2u9DQ2ZjIu55PdjjOcJ-YpR6Q,ff1521e11c8a81ca6135b40a17a65d460be47d83,3
05186128,01685693,Carillion Am Developments Limited,2018-02-22,2018-03-07,true,voting-rights-75-to-100-percent,Limited By Shares,United Kingdom (England),England,Companies House,corporate-entity-person-with-significant-control,https://api.company-information.service.gov.uk/company/05186128/persons-with-significant-control/corporate-entity/LY2u9DQ2ZjIu55PdjjOcJ-YpR6Q,ff1521e11c8a81ca6135b40a17a65d460be47d83,3
09164628,01469541,Carillion (Maple Oak) Limited,2016-04-06,2019-03-08,true,voting-rights-25-to-50-percent,Limited Company,Companies Act,United Kingdon,England,corporate-entity-person-with-significant-control,https://api.company-information.service.gov.uk/company/09164628/persons-with-significant-control/corporate-entity/3rU8wOSHGoypTk4kbkgml0WbXgk,3520e0597b2f423e79979232ee8e0b5fa524cbc4,3
07807709,01469541,Carillion (Maple Oak) Limited,2016-04-06,,false,ownership-of-shares-75-to-100-percent,Private Limited Company,Companies Act 2006,England And Ales,Companies House,corporate-entity-person-with-significant-control,https://api.company-information.service.gov.uk/company/07807709/persons-with-significant-control/corporate-entity/3TvqQrqhcLgOyXbbF6H6uPYFdeM,ece0ae11bf195b8d4c892d7fa6c9f751e45f5ab8,3
07807709,01469541,Carillion (Maple Oak) Limited,2016-04-06,,false,right-to-appoint-and-remove-directors,Private Limited Company,Companies Act 2006,England And Ales,Companies House,corporate-entity-person-with-significant-control,https://api.company-information.service.gov.uk/company/07807709/persons-with-significant-control/corporate-entity/3TvqQrqhcLgOyXbbF6H6uPYFdeM,ece0ae11bf195b8d4c892d7fa6c9f751e45f5ab8,3
07807709,01469541,Carillion (Maple Oak) Limited,2016-04-06,,false,voting-rights-75-to-100-percent,Private Limited Company,Companies Act 2006,England And Ales,Companies House,corporate-entity-person-with-significant-control,https://api.company-information.service.gov.uk/company/07807709/persons-with-significant-control/corporate-entity/3TvqQrqhcLgOyXbbF6H6uPYFdeM,ece0ae11bf195b8d4c892d7fa6c9f751e45f5ab8,3
NI016109,NI040904,Eaga Ni Limited,2016-04-06,2018-11-16,true,ownership-of-shares-75-to-100-percent,Private Limited Company,Companies Act 2006,Northern Ireland,Companies House,corporate-entity-person-with-significant-control,https://api.company-information.service.gov.uk/company/NI016109/persons-with-significant-control/corporate-entity/tlKCbN6zw_MjqCHOK7DX6ud5ilc,697a384acf64a6e5804e10b5ffd04b6c5e3e9e75,2
NI016109,NI040904,Eaga Ni Limited,2016-04-06,2018-11-16,true,voting-rights-75-to-100-percent,Private Limited Company,Companies Act 2006,Northern Ireland,Companies House,corporate-entity-person-with-significant-control,https://api.company-information.service.gov.uk/company/NI016109/persons-with-significant-control/corporate-entity/tlKCbN6zw_MjqCHOK7DX6ud5ilc,697a384acf64a6e5804e10b5ffd04b6c5e3e9e75,2
02997859,03782379,Carillion Plc,2016-04-06,,false,ownership-of-shares-75-to-100-percent,Public Limited Company,Companies Act 2006,England & Wales,Companies House,corporate-entity-person-with-significant-control,https://api.company-information.service.gov.uk/company/02997859/persons-with-significant-control/corporate-entity/oqVS6L8Y367Pdg9BPd3rfsNR94Q,c7b2f15f22eb580ea6a7fb25a5b72489f52586fd,1
02997859,03782379,Carillion Plc,2016-04-06,,false,right-to-appoint-and-remove-directors,Public Limited Company,Companies Act 2006,England & Wales,Companies House,corporate-entity-person-with-significant-control,https://api.company-information.service.gov.uk/company/02997859/persons-with-significant-control/corporate-entity/oqVS6L8Y367Pdg9BPd3rfsNR94Q,c7b2f15f22eb580ea6a7fb25a5b72489f52586fd,1
02997859,03782379,Carillion Plc,2016-04-06,,false,voting-rights-75-to-100-percent,Public Limited Company,Companies Act 2006,England & Wales,Companies House,corporate-entity-person-with-significant-control,https://api.company-information.service.gov.uk/company/02997859/persons-with-significant-control/corporate-entity/oqVS6L8Y367Pdg9BPd3rfsNR94Q,c7b2f15f22eb580ea6a7fb25a5b72489f52586fd,1
07251289,03787277,Carillion Nominees Limited,2017-05-01,,false,ownership-of-shares-75-to-100-percent,Private Limited Company,Companies Act 2006,England & Wales,Companies House,corporate-entity-person-with-significant-control,https://api.company-information.service.gov.uk/company/07251289/persons-with-significant-control/corporate-entity/Zf6IkwHRx-meyEQ7cJG37Rvn4XI,28155717cc1977bb8abd6dc6fb4ce0bf40f2e36e,2
07251289,03787277,Carillion Nominees Limited,2017-05-01,,false,voting-rights-75-to-100-percent,Private Limited Company,Companies Act 2006,England & Wales,Companies House,corporate-entity-person-with-significant-control,https://api.company-information.service.gov.uk/company/07251289/persons-with-significant-control/corporate-entity/Zf6IkwHRx-meyEQ7cJG37Rvn4XI,28155717cc1977bb8abd6dc6fb4ce0bf40f2e36e,2
02508579,03782379,Carillion Plc,2016-04-06,,false,ownership-of-shares-75-to-100-percent,Public Limited Company,Companies Act 2006,England,Companies House,corporate-entity-person-with-significant-control,https://api.company-information.service.gov.uk/company/02508579/persons-with-significant-control/corporate-entity/BWZZQ5hdJ10YKYaAipVEsTpXzHo,2f339ab52bf26ff39f1cf915cacec809fdf08d9f,1
02508579,03782379,Carillion Plc,2016-04-06,,false,right-to-appoint-and-remove-directors,Public Limited Company,Companies Act 2006,England,Companies House,corporate-entity-person-with-significant-control,https://api.company-information.service.gov.uk/company/02508579/persons-with-significant-control/corporate-entity/BWZZQ5hdJ10YKYaAipVEsTpXzHo,2f339ab52bf26ff39f1cf915cacec809fdf08d9f,1
02508579,03782379,Carillion Plc,2016-04-06,,false,voting-rights-75-to-100-percent,Public Limited Company,Companies Act 2006,England,Companies House,corporate-entity-person-with-significant-control,https://api.company-information.service.gov.uk/company/02508579/persons-with-significant-control/corporate-entity/BWZZQ5hdJ10YKYaAipVEsTpXzHo,2f339ab52bf26ff39f1cf915cacec809fdf08d9f,1
03783019,03782379,Carillion Plc,2016-04-06,,false,ownership-of-shares-75-to-100-percent,Public Limited Company,Companies Act 2006,England,Companies House,corporate-entity-person-with-significant-control,https://api.company-information.service.gov.uk/company/03783019/persons-with-significant-control/corporate-entity/8MjJOJCwxI9XrXi3fdWawHmmwew,e0ea2898841600cadcc34b305db87af3729abab9,1
03783019,03782379,Carillion Plc,2016-04-06,,false,right-to-appoint-and-remove-directors,Public Limited Company,Companies Act 2006,England,Companies House,corporate-entity-person-with-significant-control,https://api.company-information.service.gov.uk/company/03783019/persons-with-significant-control/corporate-entity/8MjJOJCwxI9XrXi3fdWawHmmwew,e0ea2898841600cadcc34b305db87af3729abab9,1
03783019,03782379,Carillion Plc,2016-04-06,,false,voting-rights-75-to-100-percent,Public Limited Company,Companies Act 2006,England,Companies House,corporate-entity-person-with-significant-control,https://api.company-information.service.gov.uk/company/03783019/persons-with-significant-control/corporate-entity/8MjJOJCwxI9XrXi3fdWawHmmwew,e0ea2898841600cadcc34b305db87af3729abab9,1
03198709,03782379,Carillion Plc,2016-04-06,,false,ownership-of-shares-75-to-100-percent,Public Limited Company,Companies Act 2006,England & Wales,Companies House,corporate-entity-person-with-significant-control,https://api.company-information.service.gov.uk/company/03198709/persons-with-significant-control/corporate-entity/YuXs9ss2IJEm8886fT6v0lcnjy8,90b5789f37434eadff904af782279fd88ae7de93,1
03198709,03782379,Carillion Plc,2016-04-06,,false,right-to-appoint-and-remove-directors,Public Limited Company,Companies Act 2006,England & Wales,Companies House,corporate-entity-person-with-significant-control,https://api.company-information.service.gov.uk/company/03198709/persons-with-significant-control/corporate-entity/YuXs9ss2IJEm8886fT6v0lcnjy8,90b5789f37434eadff904af782279fd88ae7de93,1
03198709,03782379,Carillion Plc,2016-04-06,,false,voting-rights-75-to-100-percent,Public Limited Company,Companies Act 2006,England & Wales,Companies House,corporate-entity-person-with-significant-control,https://api.company-information.service.gov.uk/company/03198709/persons-with-significant-control/corporate-entity/YuXs9ss2IJEm8886fT6v0lcnjy8,90b5789f37434eadff904af782279fd88ae7de93,1
00728599,01521006,Carillion Utility Services Group Limited,2016-04-06,,false,ownership-of-shares-75-to-100-percent,Private Limited Company,Companies Act 2006,England & Wales,Companies House,corporate-entity-person-with-significant-control,https://api.company-information.service.gov.uk/company/00728599/persons-with-significant-control/corporate-entity/GuSJiOXO9jpVnoBV5j14cNn5KFs,4fadcdcb105a5c033fd4327bef46fcf92eeb133b,3
00728599,01521006,Carillion Utility Services Group Limited,2016-04-06,,false,voting-rights-75-to-100-percent,Private Limited Company,Companies Act 2006,England & Wales,Companies House,corporate-entity-person-with-significant-control,https://api.company-information.service.gov.uk/company/00728599/persons-with-significant-control/corporate-entity/GuSJiOXO9jpVnoBV5j14cNn5KFs,4fadcdcb105a5c033fd4327bef46fcf92eeb133b,3
06506329,06506298,Inspiredspaces Nottingham (Psp1) Limited,2016-04-06,,false,ownership-of-shares-75-to-100-percent,Private Limited Company,Companies Act 2006,England & Wales,Companies House,corporate-entity-person-with-significant-control,https://api.company-information.service.gov.uk/company/06506329/persons-with-significant-control/corporate-entity/Xi0bQDUl9zRoRxUTUpwSjxHBOGM,dbac586ca5bb5876547c27323eaed150253b57f7,4
06506329,06506298,Inspiredspaces Nottingham (Psp1) Limited,2016-04-06,,false,voting-rights-75-to-100-percent,Private Limited Company,Companies Act 2006,England & Wales,Companies House,corporate-entity-person-with-significant-control,https://api.company-information.service.gov.uk/company/06506329/persons-with-significant-control/corporate-entity/Xi0bQDUl9zRoRxUTUpwSjxHBOGM,dbac586ca5bb5876547c27323eaed150253b57f7,4
07155049,08113991,Amber Lep Investments Limited,2016-04-06,,false,ownership-of-shares-75-to-100-percent,Private Limited Company,Companies Act 2006,England & Wales,Companies House,corporate-entity-person-with-significant-control,https://api.company-information.service.gov.uk/company/07155049/persons-with-significant-control/corporate-entity/t63t0Q-mLlCJFEHcNRjJHbJouvY,5d2506a3b7121d17ffe8178e066e80f7d9705b27,3
07155049,08113991,Amber Lep Investments Limited,2016-04-06,,false,voting-rights-75-to-100-percent,Private Limited Company,Companies Act 2006,England & Wales,Companies House,corporate-entity-person-with-significant-control,https://api.company-information.service.gov.uk/company/07155049/persons-with-significant-control/corporate-entity/t63t0Q-mLlCJFEHcNRjJHbJouvY,5d2506a3b7121d17ffe8178e066e80f7d9705b27,3
10027959,08084031,Ask Real Estate Limited,2016-04-06,2021-02-18,true,ownership-of-shares-25-to-50-percent,Private Limited Company,Companies Act 2006,England & Wales,Companies House,corporate-entity-person-with-significant-control,https://api.company-information.service.gov.uk/company/10027959/persons-with-significant-control/corporate-entity/HF1UJPjJvWiYIdnosW5nSS04G3Q,01172dff1ab9dafcc895a24523fdbca83dba8b48,3
10027959,08084031,Ask Real Estate Limited,2016-04-06,2021-02-18,true,voting-rights-25-to-50-percent,Private Limited Company,Companies Act 2006,England & Wales,Companies House,corporate-entity-person-with-significant-control,https://api.company-information.service.gov.uk/company/10027959/persons-with-significant-control/corporate-entity/HF1UJPjJvWiYIdnosW5nSS04G3Q,01172dff1ab9dafcc895a24523fdbca83dba8b48,3
08404799,03858865,Carillion Energy Services Limited,2016-04-06,,false,ownership-of-shares-75-to-100-percent,Private Limited Company,Companies Act 2006,England & Wales,Companies House,corporate-entity-person-with-significant-control,https://api.company-information.service.gov.uk/company/08404799/persons-with-significant-control/corporate-entity/Bi5bmp9hlZOzyp7Esnv_fK6MeK0,ccbbad22581b12f04c05ca40af90a2b6e4eb9564,2
08404799,03858865,Carillion Energy Services Limited,2016-04-06,,false,voting-rights-75-to-100-percent,Private Limited Company,Companies Act 2006,England & Wales,Companies House,corporate-entity-person-with-significant-control,https://api.company-information.service.gov.uk/company/08404799/persons-with-significant-control/corporate-entity/Bi5bmp9hlZOzyp7Esnv_fK6MeK0,ccbbad22581b12f04c05ca40af90a2b6e4eb9564,2
06569859,08113991,Amber Lep Investments Limited,2016-04-06,,false,ownership-of-shares-75-to-100-percent,Private Limited Company,Companies Act 2006,England & Wales,Companies House,corporate-entity-person-with-significant-control,https://api.company-information.service.gov.uk/company/06569859/persons-with-significant-control/corporate-entity/SYR7aaU99c9a6909wdA7zw7etRI,3e18275c363fb024cb4bb969b9f2fd4f88e8a767,3
06569859,08113991,Amber Lep Investments Limited,2016-04-06,,false,voting-rights-75-to-100-percent,Private Limited Company,Companies Act 2006,England & Wales,Companies House,corporate-entity-person-with-significant-control,https://api.company-information.service.gov.uk/company/06569859/persons-with-significant-control/corporate-entity/SYR7aaU99c9a6909wdA7zw7etRI,3e18275c363fb024cb4bb969b9f2fd4f88e8a767,3
06569789,06569859,Inspiredspaces Tameside (Psp1) Limited,2016-04-06,,false,ownership-of-shares-75-to-100-percent,Private Limited Company,Companies Act 2006,England & Wales,Companies House,corporate-entity-person-with-significant-control,https://api.company-information.service.gov.uk/company/06569789/persons-with-significant-control/corporate-entity/pcf0B66NOEmcNwHg8HRFg079pCg,40f47564ec39b98a119afb839af6612dc504257b,4
06569789,06569859,Inspiredspaces Tameside (Psp1) Limited,2016-04-06,,false,right-to-appoint-and-remove-directors,Private Limited Company,Companies Act 2006,England & Wales,Companies House,corporate-entity-person-with-significant-control,https://api.company-information.service.gov.uk/company/06569789/persons-with-significant-control/corporate-entity/pcf0B66NOEmcNwHg8HRFg079pCg,40f47564ec39b98a119afb839af6612dc504257b,4
06569789,06569859,Inspiredspaces Tameside (Psp1) Limited,2016-04-06,,false,voting-rights-75-to-100-percent,Private Limited Company,Companies Act 2006,England & Wales,Companies House,corporate-entity-person-with-significant-control,https://api.company-information.service.gov.uk/company/06569789/persons-with-significant-control/corporate-entity/pcf0B66NOEmcNwHg8HRFg079pCg,40f47564ec39b98a119afb839af6612dc504257b,4
05753809,02997859,Carillion Private Finance Limited,2016-04-06,,false,ownership-of-shares-75-to-100-percent,Private Limited Company,Companies Act 2006,England & Wales,Companies House,corporate-entity-person-with-significant-control,https://api.company-information.service.gov.uk/company/05753809/persons-with-significant-control/corporate-entity/hd3dT17N1Tc17fuU0td9NC1XwAs,bd1ae7299c46d87b5a995fe79079fbc881518e76,2
05753809,02997859,Carillion Private Finance Limited,2016-04-06,,false,right-to-appoint-and-remove-directors,Private Limited Company,Companies Act 2006,England & Wales,Companies House,corporate-entity-person-with-significant-control,https://api.company-information.service.gov.uk/company/05753809/persons-with-significant-control/corporate-entity/hd3dT17N1Tc17fuU0td9NC1XwAs,bd1ae7299c46d87b5a995fe79079fbc881518e76,2
05753809,02997859,Carillion Private Finance Limited,2016-04-06,,false,voting-rights-75-to-100-percent,Private Limited Company,Companies Act 2006,England & Wales,Companies House,corporate-entity-person-with-significant-control,https://api.company-information.service.gov.uk/company/05753809/persons-with-significant-control/corporate-entity/hd3dT17N1Tc17fuU0td9NC1XwAs,bd1ae7299c46d87b5a995fe79079fbc881518e76,2
01752119,00594581,Carillion Construction Limited,2016-04-06,,false,ownership-of-shares-75-to-100-percent,Private Limited Company,Companies Act 2006,England & Wales,Companies House,corporate-entity-person-with-significant-control,https://api.company-information.service.gov.uk/company/01752119/persons-with-significant-control/corporate-entity/k9bRkuXFB1OQnr3nCOK5GVp-8hA,120870050286490f89848f86706ed1ba6698a27b,2
01752119,00594581,Carillion Construction Limited,2016-04-06,,false,right-to-appoint-and-remove-directors,Private Limited Company,Companies Act 2006,England & Wales,Companies House,corporate-entity-person-with-significant-control,https://api.company-information.service.gov.uk/company/01752119/persons-with-significant-control/corporate-entity/k9bRkuXFB1OQnr3nCOK5GVp-8hA,120870050286490f89848f86706ed1ba6698a27b,2
01752119,00594581,Carillion Construction Limited,2016-04-06,,false,voting-rights-75-to-100-percent,Private Limited Company,Companies Act 2006,England & Wales,Companies House,corporate-entity-person-with-significant-control,https://api.company-information.service.gov.uk/company/01752119/persons-with-significant-control/corporate-entity/k9bRkuXFB1OQnr3nCOK5GVp-8hA,120870050286490f89848f86706ed1ba6698a27b,2
02916489,03782379,Carillion Plc,2016-04-06,,false,ownership-of-shares-75-to-100-percent,Public Limited Company,Companies Act 2006,England & Wales,Companies House,corporate-entity-person-with-significant-control,https://api.company-information.service.gov.uk/company/02916489/persons-with-significant-control/corporate-entity/9Q0ZxN1ZXI1occhCnzkTrwp_yGI,4abe69fa623b4a19c23204a436bd03914a153264,1
02916489,03782379,Carillion Plc,2016-04-06,,false,right-to-appoint-and-remove-directors,Public Limited Company,Companies Act 2006,England & Wales,Companies House,corporate-entity-person-with-significant-control,https://api.company-information.service.gov.uk/company/02916489/persons-with-significant-control/corporate-entity/9Q0ZxN1ZXI1occhCnzkTrwp_yGI,4abe69fa623b4a19c23204a436bd03914a153264,1
02916489,03782379,Carillion Plc,2016-04-06,,false,voting-rights-75-to-100-percent,Public Limited Company,Companies Act 2006,England & Wales,Companies House,corporate-entity-person-with-significant-control,https://api.company-information.service.gov.uk/company/02916489/persons-with-significant-control/corporate-entity/9Q0ZxN1ZXI1occhCnzkTrwp_yGI,4abe69fa623b4a19c23204a436bd03914a153264,1
NI016109,03858865,Carillion Energy Services Limited,2018-11-16,,false,ownership-of-shares-75-to-100-percent,Private Limited Company,Companies Act 2006,United Kingdom,Companies House,corporate-entity-person-with-significant-control,https://api.company-information.service.gov.uk/company/NI016109/persons-with-significant-control/corporate-entity/QNEPAJ9yvtlymidHP7xfl7UPlzc,2ddf6c75a6b89d30d3daf6c2489506d369fa4e0a,2
NI016109,03858865,Carillion Energy Services Limited,2018-11-16,,false,voting-rights-75-to-100-percent,Private Limited Company,Companies Act 2006,United Kingdom,Companies House,corporate-entity-person-with-significant-control,https://api.company-information.service.gov.uk/company/NI016109/persons-with-significant-control/corporate-entity/QNEPAJ9yvtlymidHP7xfl7UPlzc,2ddf6c75a6b89d30d3daf6c2489506d369fa4e0a,2
02063449,03858865,Carillion Energy Services Limited,2016-04-06,,false,ownership-of-shares-75-to-100-percent,Private Limited Company,Companies Act 2006,England,Companies House,corporate-entity-person-with-significant-control,https://api.company-information.service.gov.uk/company/02063449/persons-with-significant-control/corporate-entity/Wivqwkuu4LAvMV5t_Px7BdKhoBg,8257dd8c42cd44702d1d649bc3bf47fc84f0f6fa,2
02063449,03858865,Carillion Energy Services Limited,2016-04-06,,false,voting-rights-75-to-100-percent,Private Limited Company,Companies Act 2006,England,Companies House,corporate-entity-person-with-significant-control,https://api.company-information.service.gov.uk/company/02063449/persons-with-significant-control/corporate-entity/Wivqwkuu4LAvMV5t_Px7BdKhoBg,8257dd8c42cd44702d1d649bc3bf47fc84f0f6fa,2
09147119,07211684,Carillion-Igloo Limited,2016-04-06,2020-07-31,true,right-to-appoint-and-remove-directors,Private Limited Company,Companies Act 2006,England,Companies House,corporate-entity-person-with-significant-control,https://api.company-information.service.gov.uk/company/09147119/persons-with-significant-control/corporate-entity/PWliEheuptxHkUMpNG8NysWHTyE,1d0adf581596051a02bcc529039c54116192ec3a,3
05504709,03783015,Cedar 2019 Limited,2016-04-06,2019-06-10,true,ownership-of-shares-25-to-50-percent,Private Limited Company,Companies Act 2006,England,Companies House,corporate-entity-person-with-significant-control,https://api.company-information.service.gov.uk/company/05504709/persons-with-significant-control/corporate-entity/uO-BW9EKyVQuimvkVaKCSk0TQks,8abbc204baea12991038e6d04bf60861f1a295dd,3
05504709,03783015,Cedar 2019 Limited,2016-04-06,2019-06-10,true,voting-rights-25-to-50-percent,Private Limited Company,Companies Act 2006,England,Companies House,corporate-entity-person-with-significant-control,https://api.company-information.service.gov.uk/company/05504709/persons-with-significant-control/corporate-entity/uO-BW9EKyVQuimvkVaKCSk0TQks,8abbc204baea12991038e6d04bf60861f1a295dd,3
14943318,07211684,Pfp-Igloo (General Partner) Limited,2023-06-19,,false,ownership-of-shares-75-to-100-percent,Limited By Shares,English Law,England And Wales,Companies House,corporate-entity-person-with-significant-control,https://api.company-information.service.gov.uk/company/14943318/persons-with-significant-control/corporate-entity/1US2UBSG11hEHbk1TMAtHIMSPaY,439c49b127a97c91e6583bea957be76de562b2ac,3
14943318,07211684,Pfp-Igloo (General Partner) Limited,2023-06-19,,false,right-to-appoint-and-remove-directors,Limited By Shares,English Law,England And Wales,Companies House,corporate-entity-person-with-significant-control,https://api.company-information.service.gov.uk/company/14943318/persons-with-significant-control/corporate-entity/1US2UBSG11hEHbk1TMAtHIMSPaY,439c49b127a97c91e6583bea957be76de562b2ac,3
14943318,07211684,Pfp-Igloo (General Partner) Limited,2023-06-19,,false,voting-rights-75-to-100-percent,Limited By Shares,English Law,England And Wales,Companies House,corporate-entity-person-with-significant-control,https://api.company-information.service.gov.uk/company/14943318/persons-with-significant-control/corporate-entity/1US2UBSG11hEHbk1TMAtHIMSPaY,439c49b127a97c91e6583bea957be76de562b2ac,3
09203709,00594581,Carillion Construction Limited,2016-04-06,,false,ownership-of-shares-75-to-100-percent,Rivate Limited Company,Companies Act 2006,England,Companies House,corporate-entity-person-with-significant-control,https://api.company-information.service.gov.uk/company/09203709/persons-with-significant-control/corporate-entity/ycKhL-d4-9zjrIw0qd32H50r5Qk,fc7d6eb7be908714c41ded702a74e304b7001e2f,2
09203709,00594581,Carillion Construction Limited,2016-04-06,,false,right-to-appoint-and-remove-directors,Rivate Limited Company,Companies Act 2006,England,Companies House,corporate-entity-person-with-significant-control,https://api.company-information.service.gov.uk/company/09203709/persons-with-significant-control/corporate-entity/ycKhL-d4-9zjrIw0qd32H50r5Qk,fc7d6eb7be908714c41ded702a74e304b7001e2f,2
09203709,00594581,Carillion Construction Limited,2016-04-06,,false,voting-rights-75-to-100-percent,Rivate Limited Company,Companies Act 2006,England,Companies House,corporate-entity-person-with-significant-control,https://api.company-information.service.gov.uk/company/09203709/persons-with-significant-control/corporate-entity/ycKhL-d4-9zjrIw0qd32H50r5Qk,fc7d6eb7be908714c41ded702a74e304b7001e2f,2
05173289,03783015,Cedar 2019 Limited,2016-04-06,2019-06-10,true,ownership-of-shares-25-to-50-percent,Private Limited Company,Companies Act 2006,England,Companies House,corporate-entity-person-with-significant-control,https://api.company-information.service.gov.uk/company/05173289/persons-with-significant-control/corporate-entity/8ojH2rU3E57XV8zwgpCFXBD_GJc,74d827753aad6822e8239de90e7705ad9578ca74,3
05173289,03783015,Cedar 2019 Limited,2016-04-06,2019-06-10,true,voting-rights-25-to-50-percent,Private Limited Company,Companies Act 2006,England,Companies House,corporate-entity-person-with-significant-control,https://api.company-information.service.gov.uk/company/05173289/persons-with-significant-control/corporate-entity/8ojH2rU3E57XV8zwgpCFXBD_GJc,74d827753aad6822e8239de90e7705ad9578ca74,3
02836739,03858865,Carillion Energy Services Limited,2016-04-06,,false,ownership-of-shares-75-to-100-percent,Private Limited Company,Companies Act 2006,England,Companies House,corporate-entity-person-with-significant-control,https://api.company-information.service.gov.uk/company/02836739/persons-with-significant-control/corporate-entity/PYe6pGOWjWhj4l1oqLae2Vq7IdM,2b267397652b3833c2faa1a83ed1ae48056c77ca,2
02836739,03858865,Carillion Energy Services Limited,2016-04-06,,false,right-to-appoint-and-remove-directors,Private Limited Company,Companies Act 2006,England,Companies House,corporate-entity-person-with-significant-control,https://api.company-information.service.gov.uk/company/02836739/persons-with-significant-control/corporate-entity/PYe6pGOWjWhj4l1oqLae2Vq7IdM,2b267397652b3833c2faa1a83ed1ae48056c77ca,2
02836739,03858865,Carillion Energy Services Limited,2016-04-06,,false,voting-rights-75-to-100-percent,Private Limited Company,Companies Act 2006,England,Companies House,corporate-entity-person-with-significant-control,https://api.company-information.service.gov.uk/company/02836739/persons-with-significant-control/corporate-entity/PYe6pGOWjWhj4l1oqLae2Vq7IdM,2b267397652b3833c2faa1a83ed1ae48056c77ca,2
11168919,11087173,Ask (First Street) Limited,2018-01-25,,false,ownership-of-shares-75-to-100-percent,Limited Company,Companies Act 2006,United Kingdom,England And Wales,corporate-entity-person-with-significant-control,https://api.company-information.service.gov.uk/company/11168919/persons-with-significant-control/corporate-entity/JHV4czowerRBqVgExHoCqCRF63o,df0b5a7a2fffb044fa8074706020786e5fca9883,4
11168919,11087173,Ask (First Street) Limited,2018-01-25,,false,right-to-appoint-and-remove-directors,Limited Company,Companies Act 2006,United Kingdom,England And Wales,corporate-entity-person-with-significant-control,https://api.company-information.service.gov.uk/company/11168919/persons-with-significant-control/corporate-entity/JHV4czowerRBqVgExHoCqCRF63o,df0b5a7a2fffb044fa8074706020786e5fca9883,4
11168919,11087173,Ask (First Street) Limited,2018-01-25,,false,voting-rights-75-to-100-percent,Limited Company,Companies Act 2006,United Kingdom,England And Wales,corporate-entity-person-with-significant-control,https://api.company-information.service.gov.uk/company/11168919/persons-with-significant-control/corporate-entity/JHV4czowerRBqVgExHoCqCRF63o,df0b5a7a2fffb044fa8074706020786e5fca9883,4
11273459,01270381,Carillion Construction Overseas Limited,2018-03-23,,false,ownership-of-shares-25-to-50-percent,Private Limited Company,Companies Act 2006,England & Wales,England & Wales,corporate-entity-person-with-significant-control,https://api.company-information.service.gov.uk/company/11273459/persons-with-significant-control/corporate-entity/hbyCPfVOSp-xG7zN532aKdGPSv4,21581ce757dda67d5288e84f2eb31e9a08915260,3
11273459,01270381,Carillion Construction Overseas Limited,2018-03-23,,false,right-to-appoint-and-remove-directors,Private Limited Company,Companies Act 2006,England & Wales,England & Wales,corporate-entity-person-with-significant-control,https://api.company-information.service.gov.uk/company/11273459/persons-with-significant-control/corporate-entity/hbyCPfVOSp-xG7zN532aKdGPSv4,21581ce757dda67d5288e84f2eb31e9a08915260,3
11273459,01270381,Carillion Construction Overseas Limited,2018-03-23,,false,voting-rights-75-to-100-percent,Private Limited Company,Companies Act 2006,England & Wales,England & Wales,corporate-entity-person-with-significant-control,https://api.company-information.service.gov.uk/company/11273459/persons-with-significant-control/corporate-entity/hbyCPfVOSp-xG7zN532aKdGPSv4,21581ce757dda67d5288e84f2eb31e9a08915260,3
11059419,08084031,Ask Real Estate Limited,2017-11-13,2023-04-05,true,ownership-of-shares-75-to-100-percent,Limited Company,Companies Act 2006,United Kingdom,England And Wales,corporate-entity-person-with-significant-control,https://api.company-information.service.gov.uk/company/11059419/persons-with-significant-control/corporate-entity/lx_LLnxnGTtc6_GNXBleIq4--tk,bb85eb55ace15452572b819ae5a2476568eebfa5,3
11059419,08084031,Ask Real Estate Limited,2017-11-13,2023-04-05,true,right-to-appoint-and-remove-directors,Limited Company,Companies Act 2006,United Kingdom,England And Wales,corporate-entity-person-with-significant-control,https://api.company-information.service.gov.uk/company/11059419/persons-with-significant-control/corporate-entity/lx_LLnxnGTtc6_GNXBleIq4--tk,bb85eb55ace15452572b819ae5a2476568eebfa5,3
11059419,08084031,Ask Real Estate Limited,2017-11-13,2023-04-05,true,voting-rights-75-to-100-percent,Limited Company,Companies Act 2006,United Kingdom,England And Wales,corporate-entity-person-with-significant-control,https://api.company-information.service.gov.uk/company/11059419/persons-with-significant-control/corporate-entity/lx_LLnxnGTtc6_GNXBleIq4--tk,bb85eb55ace15452572b819ae5a2476568eebfa5,3
04698269,03782379,Carillion Plc,2016-04-06,,false,right-to-appoint-and-remove-directors,Public Limited Company,Companies Act 2006,England,Companies House,corporate-entity-person-with-significant-control,https://api.company-information.service.gov.uk/company/04698269/persons-with-significant-control/corporate-entity/rN54Z5jtBbTb6qWGCHhhbHDcJPs,d88176b07adccd9de65a33259fc3b1fe7f53ddc4,1
04698269,03782379,Carillion Plc,2016-04-06,,false,significant-influence-or-control,Public Limited Company,Companies Act 2006,England,Companies House,corporate-entity-person-with-significant-control,https://api.company-information.service.gov.uk/company/04698269/persons-with-significant-control/corporate-entity/rN54Z5jtBbTb6qWGCHhhbHDcJPs,d88176b07adccd9de65a33259fc3b1fe7f53ddc4,1
11087173,08084031,Ask Real Estate Limited,2017-11-29,,false,ownership-of-shares-25-to-50-percent,Limited Company,Companies Act,England,England And Wales,corporate-entity-person-with-significant-control,https://api.company-information.service.gov.uk/company/11087173/persons-with-significant-control/corporate-entity/Y-0Y7YIWZm1NHYgN0vELUCOCKPo,81ca5988e89a038b452fabc65aac85aafec22612,3
11087173,08084031,Ask Real Estate Limited,2017-11-29,,false,voting-rights-25-to-50-percent,Limited Company,Companies Act,England,England And Wales,corporate-entity-person-with-significant-control,https://api.company-information.service.gov.uk/company/11087173/persons-with-significant-control/corporate-entity/Y-0Y7YIWZm1NHYgN0vELUCOCKPo,81ca5988e89a038b452fabc65aac85aafec22612,3
13783043,15626975,Pfp-Igloo Fruitmarket Limited,2025-01-21,,false,right-to-appoint-and-remove-directors,Private Company Limited By Shares,England And Wales,United Kingdom,Companies House Register (Uk),corporate-entity-person-with-significant-control,https://api.company-information.service.gov.uk/company/13783043/persons-with-significant-control/corporate-entity/UjxMKvc-4gPf3LdZu-dObTDf9rk,e21ecbad8b52c6d6263a31d3fe6d1647d72c9b36,5
13783043,15626975,Pfp-Igloo Fruitmarket Limited,2025-01-21,,false,voting-rights-75-to-100-percent,Private Company Limited By Shares,England And Wales,United Kingdom,Companies House Register (Uk),corporate-entity-person-with-significant-control,https://api.company-information.service.gov.uk/company/13783043/persons-with-significant-control/corporate-entity/UjxMKvc-4gPf3LdZu-dObTDf9rk,e21ecbad8b52c6d6263a31d3fe6d1647d72c9b36,5
16561390,10027959,Salboy Central Limited,2025-07-05,,false,ownership-of-shares-75-to-100-percent,Private Company Limited By Shares,Companies Act 2006,United Kingdom,Uk Register Of Companies,corporate-entity-person-with-significant-control,https://api.company-information.service.gov.uk/company/16561390/persons-with-significant-control/corporate-entity/gpxygVCf_VzDnkhcXkNc9ATQmpU,1b41ac1bbb1263e3d28e7fefc2ddc4d69978e997,4
16561390,10027959,Salboy Central Limited,2025-07-05,,false,right-to-appoint-and-remove-directors,Private Company Limited By Shares,Companies Act 2006,United Kingdom,Uk Register Of Companies,corporate-entity-person-with-significant-control,https://api.company-information.service.gov.uk/company/16561390/persons-with-significant-control/corporate-entity/gpxygVCf_VzDnkhcXkNc9ATQmpU,1b41ac1bbb1263e3d28e7fefc2ddc4d69978e997,4
16561390,10027959,Salboy Central Limited,2025-07-05,,false,voting-rights-75-to-100-percent,Private Company Limited By Shares,Companies Act 2006,United Kingdom,Uk Register Of Companies,corporate-entity-person-with-significant-control,https://api.company-information.service.gov.uk/company/16561390/persons-with-significant-control/corporate-entity/gpxygVCf_VzDnkhcXkNc9ATQmpU,1b41ac1bbb1263e3d28e7fefc2ddc4d69978e997,4
07410965,06404738,Interactive Strength Inc.,2025-07-01,,false,ownership-of-shares-75-to-100-percent,Delaware Company,Us Law,United States,United States,corporate-entity-person-with-significant-control,https://api.company-information.service.gov.uk/company/07410965/persons-with-significant-control/corporate-entity/kYQiJYrEFqcBau4ZpdM0u0KY00w,5a5596cd6e84a8692af1cb75b38f463361a7b213,4
07410965,06404738,Interactive Strength Inc.,2025-07-01,,false,voting-rights-75-to-100-percent,Delaware Company,Us Law,United States,United States,corporate-entity-person-with-significant-control,https://api.company-information.service.gov.uk/company/07410965/persons-with-significant-control/corporate-entity/kYQiJYrEFqcBau4ZpdM0u0KY00w,5a5596cd6e84a8692af1cb75b38f463361a7b213,4
OC458100,07211684,Pfp-Igloo (General Partner) Limited,2025-09-11,,false,right-to-share-surplus-assets-25-to-50-percent-limited-liability-partnership,Private Limited Company,Companies Act 2006,Uk,Registrar Of Companies For England & Wales,corporate-entity-person-with-significant-control,https://api.company-information.service.gov.uk/company/OC458100/persons-with-significant-control/corporate-entity/lluG-pic09pyiEDOZNo_RHdO3qs,3fe76640f7a5de5d931fc6f28ab716226378db6a,3
OC458100,07211684,Pfp-Igloo (General Partner) Limited,2025-09-11,,false,voting-rights-25-to-50-percent-limited-liability-partnership,Private Limited Company,Companies Act 2006,Uk,Registrar Of Companies For England & Wales,corporate-entity-person-with-significant-control,https://api.company-information.service.gov.uk/company/OC458100/persons-with-significant-control/corporate-entity/lluG-pic09pyiEDOZNo_RHdO3qs,3fe76640f7a5de5d931fc6f28ab716226378db6a,3
16743191,14419831,Pfp-Igloo Developments Limited,2025-09-25,,false,ownership-of-shares-75-to-100-percent,Private Company Limited By Shares,Companies Act 2006,United Kingdom,Uk Register Of Companies,corporate-entity-person-with-significant-control,https://api.company-information.service.gov.uk/company/16743191/persons-with-significant-control/corporate-entity/u14e_APH5Cgqi-e-xkUqWqRTzRs,8432c7c7b56b8d25aa5825be659041d77a44bcc5,4
16743191,14419831,Pfp-Igloo Developments Limited,2025-09-25,,false,right-to-appoint-and-remove-directors,Private Company Limited By Shares,Companies Act 2006,United Kingdom,Uk Register Of Companies,corporate-entity-person-with-significant-control,https://api.company-information.service.gov.uk/company/16743191/persons-with-significant-control/corporate-entity/u14e_APH5Cgqi-e-xkUqWqRTzRs,8432c7c7b56b8d25aa5825be659041d77a44bcc5,4
16743191,14419831,Pfp-Igloo Developments Limited,2025-09-25,,false,voting-rights-75-to-100-percent,Private Company Limited By Shares,Companies Act 2006,United Kingdom,Uk Register Of Companies,corporate-entity-person-with-significant-control,https://api.company-information.service.gov.uk/company/16743191/persons-with-significant-control/corporate-entity/u14e_APH5Cgqi-e-xkUqWqRTzRs,8432c7c7b56b8d25aa5825be659041d77a44bcc5,4
17030971,14419831,Pfp-Igloo Developments Limited,2026-02-12,,false,ownership-of-shares-75-to-100-percent,Private Company Limited By Shares,Companies Act 2006,United Kingdom,Uk Register Of Companies,corporate-entity-person-with-significant-control,https://api.company-information.service.gov.uk/company/17030971/persons-with-significant-control/corporate-entity/XBD-MfhZbw9xOfNS_3H6onqYoDM,95ebc31b93b3b2b248d8c5312f32c82425512365,4
17030971,14419831,Pfp-Igloo Developments Limited,2026-02-12,,false,right-to-appoint-and-remove-directors,Private Company Limited By Shares,Companies Act 2006,United Kingdom,Uk Register Of Companies,corporate-entity-person-with-significant-control,https://api.company-information.service.gov.uk/company/17030971/persons-with-significant-control/corporate-entity/XBD-MfhZbw9xOfNS_3H6onqYoDM,95ebc31b93b3b2b248d8c5312f32c82425512365,4
17030971,14419831,Pfp-Igloo Developments Limited,2026-02-12,,false,voting-rights-75-to-100-percent,Private Company Limited By Shares,Companies Act 2006,United Kingdom,Uk Register Of Companies,corporate-entity-person-with-significant-control,https://api.company-information.service.gov.uk/company/17030971/persons-with-significant-control/corporate-entity/XBD-MfhZbw9xOfNS_3H6onqYoDM,95ebc31b93b3b2b248d8c5312f32c82425512365,4
17031189,14419831,Pfp-Igloo Developments Limited,2026-02-13,,false,ownership-of-shares-75-to-100-percent,Private Company Limited By Shares,Companies Act 2006,United Kingdom,Uk Register Of Companies,corporate-entity-person-with-significant-control,https://api.company-information.service.gov.uk/company/17031189/persons-with-significant-control/corporate-entity/MCLTwF1bc-G6Ys64IaxX5OMwDH0,7403cb6ee603182b1533031a6fd5abc150824e6a,4
17031189,14419831,Pfp-Igloo Developments Limited,2026-02-13,,false,right-to-appoint-and-remove-directors,Private Company Limited By Shares,Companies Act 2006,United Kingdom,Uk Register Of Companies,corporate-entity-person-with-significant-control,https://api.company-information.service.gov.uk/company/17031189/persons-with-significant-control/corporate-entity/MCLTwF1bc-G6Ys64IaxX5OMwDH0,7403cb6ee603182b1533031a6fd5abc150824e6a,4
17031189,14419831,Pfp-Igloo Developments Limited,2026-02-13,,false,voting-rights-75-to-100-percent,Private Company Limited By Shares,Companies Act 2006,United Kingdom,Uk Register Of Companies,corporate-entity-person-with-significant-control,https://api.company-information.service.gov.uk/company/17031189/persons-with-significant-control/corporate-entity/MCLTwF1bc-G6Ys64IaxX5OMwDH0,7403cb6ee603182b1533031a6fd5abc150824e6a,4
17392519,15634599,Pfp-Igloo Vaux Sunderland Limited,2026-08-11,,false,ownership-of-shares-75-to-100-percent,Private Limited Company,Companies Act 2006,England,Register Of Companies,corporate-entity-person-with-significant-control,https://api.company-information.service.gov.uk/company/17392519/persons-with-significant-control/corporate-entity/OHJO00LCbx_sOrX1BzEHcRKWfdw,d1b2f943b3883abe3ac0886c2063baf3994ca705,5
17392519,15634599,Pfp-Igloo Vaux Sunderland Limited,2026-08-11,,false,voting-rights-75-to-100-percent,Private Limited Company,Companies Act 2006,England,Register Of Companies,corporate-entity-person-with-significant-control,https://api.company-information.service.gov.uk/company/17392519/persons-with-significant-control/corporate-entity/OHJO00LCbx_sOrX1BzEHcRKWfdw,d1b2f943b3883abe3ac0886c2063baf3994ca705,5
17392602,15634599,Pfp-Igloo Vaux Sunderland Limited,2026-08-11,,false,ownership-of-shares-75-to-100-percent,Private Limited Company,Companies Act 2006,England,Register Of Companies,corporate-entity-person-with-significant-control,https://api.company-information.service.gov.uk/company/17392602/persons-with-significant-control/corporate-entity/emdA1jXmW3tG_wBoUNm9WCiKh-0,ed5cb0cafc1d6115d4633968713b8fa5ce4584e7,5
17392602,15634599,Pfp-Igloo Vaux Sunderland Limited,2026-08-11,,false,voting-rights-75-to-100-percent,Private Limited Company,Companies Act 2006,England,Register Of Companies,corporate-entity-person-with-significant-control,https://api.company-information.service.gov.uk/company/17392602/persons-with-significant-control/corporate-entity/emdA1jXmW3tG_wBoUNm9WCiKh-0,ed5cb0cafc1d6115d4633968713b8fa5ce4584e7,5
17397197,15634599,Pfp-Igloo Vaux Sunderland Limited,2026-08-12,,false,ownership-of-shares-75-to-100-percent,Private Limited Company,Companies Act 2006,England,Register Of Companies,corporate-entity-person-with-significant-control,https://api.company-information.service.gov.uk/company/17397197/persons-with-significant-control/corporate-entity/v2o7-ZSXJqLS0keS7c4mMTUUuFs,4425a9ec5fee81a7b83d302650254b9a2378c70b,5
17397197,15634599,Pfp-Igloo Vaux Sunderland Limited,2026-08-12,,false,voting-rights-75-to-100-percent,Private Limited Company,Companies Act 2006,England,Register Of Companies,corporate-entity-person-with-significant-control,https://api.company-information.service.gov.uk/company/17397197/persons-with-significant-control/corporate-entity/v2o7-ZSXJqLS0keS7c4mMTUUuFs,4425a9ec5fee81a7b83d302650254b9a2378c70b,5
